user_id,age,gender,location,interests,ad_id,ad_category,ad_platform,ad_type,impressions,clicks,conversion,time_spent_on_ad,day_of_week,device_type,engagement_score,CTR,CVR,age_platform_interaction,age_time_spent_interaction,is_weekend,is_mobile,is_facebook,is_instagram,engagement_pca
U0001,58,M,USA,Food,A0001,Sportswear,Facebook,Image,3,0,0,3.38,Friday,Mobile,0.02,0.0,0.0,58,196.04,0,1,1,0,-1.6910244419651492
U0002,55,F,USA,Tech,A0002,Electronics,Facebook,Image,9,9,1,6.77,Saturday,Tablet,0.93,1.0,0.1111111111111111,55,372.34999999999997,1,0,1,0,0.2820453550354214
U0003,52,F,UK,Gaming,A0003,Luggage,Instagram,Image,13,12,1,13.26,Wednesday,Mobile,0.93,0.9230769230769231,0.08333333333333333,104,689.52,0,1,0,1,1.35716130503232
U0004,31,F,USA,Tech,A0004,Gadgets,Facebook,Video,14,5,0,24.41,Saturday,Desktop,0.28,0.35714285714285715,0.0,31,756.71,1,0,1,0,0.8962293292489483
U0005,52,M,India,Tech,A0005,Luggage,Instagram,Carousel,10,5,0,21.43,Monday,Tablet,0.35,0.5,0.0,104,1114.36,0,0,0,1,0.6641529239062509
U0006,32,F,USA,Fashion,A0006,Electronics,Instagram,Video,8,5,1,11.3,Saturday,Desktop,0.77,0.625,0.2,64,361.6,1,0,0,1,-0.12475109828217955
U0007,59,M,Germany,Food,A0007,Apparel,Facebook,Image,8,6,1,27.84,Saturday,Tablet,0.88,0.75,0.16666666666666666,59,1642.56,1,0,1,0,1.3532467645166222
U0008,32,Other,Canada,Tech,A0008,Apparel,Facebook,Video,7,4,1,27.48,Friday,Tablet,0.79,0.5714285714285714,0.25,32,879.36,0,0,1,0,0.9454188183864861
U0009,38,M,Australia,Gaming,A0009,Gadgets,Instagram,Image,5,1,1,17.28,Wednesday,Tablet,0.59,0.2,1.0,76,656.6400000000001,0,0,0,1,-0.4186244684632333
U0010,55,F,Germany,Gaming,A0010,Sportswear,Facebook,Image,9,7,1,2.37,Monday,Mobile,0.8,0.7777777777777778,0.14285714285714285,55,130.35,0,1,1,0,-0.44040966410964644
U0011,58,M,Australia,Gaming,A0011,Luggage,Facebook,Video,7,7,0,29.16,Sunday,Mobile,0.6,1.0,0.0,58,1691.28,1,1,1,0,1.6459416443235277
U0012,25,Other,Germany,Fitness,A0012,Food & Beverage,Instagram,Image,5,3,1,1.09,Saturday,Tablet,0.71,0.6,0.3333333333333333,50,27.250000000000004,1,0,0,1,-1.2996772298571375
U0013,34,Other,UK,Travel,A0013,Electronics,Instagram,Carousel,9,9,1,11.84,Tuesday,Tablet,0.96,1.0,0.1111111111111111,68,402.56,0,0,0,1,0.6768867560714869
U0014,51,M,Germany,Fitness,A0014,Gadgets,Facebook,Image,15,11,0,25.12,Wednesday,Mobile,0.47,0.7333333333333333,0.0,51,1281.1200000000001,0,1,1,0,2.0908983119424454
U0015,21,M,Germany,Tech,A0015,Electronics,Instagram,Image,13,8,0,4.72,Thursday,Tablet,0.33,0.6153846153846154,0.0,42,99.11999999999999,0,0,0,1,-0.06750045628160771
U0016,28,F,Germany,Travel,A0016,Gadgets,Facebook,Carousel,13,11,0,21.68,Thursday,Tablet,0.52,0.8461538461538461,0.0,28,607.04,0,0,1,0,1.8229980319495327
U0017,59,F,India,Travel,A0017,Gadgets,Facebook,Image,4,0,0,1.69,Friday,Tablet,0.01,0.0,0.0,59,99.71,0,0,1,0,-1.8226382423105043
U0018,32,Other,UK,Tech,A0018,Electronics,Facebook,Image,2,0,0,4.3,Monday,Tablet,0.02,0.0,0.0,32,137.6,0,0,1,0,-1.619376692664719
U0019,33,F,Australia,Gaming,A0019,Apparel,Facebook,Carousel,15,15,1,14.72,Thursday,Mobile,0.97,1.0,0.06666666666666667,33,485.76000000000005,0,1,1,0,2.040550973527955
U0020,24,M,Australia,Gaming,A0020,Sportswear,Instagram,Video,8,0,0,3.37,Saturday,Mobile,0.02,0.0,0.0,48,80.88,1,1,0,1,-1.6918032218488495
U0021,21,F,Australia,Fitness,A0021,Electronics,Facebook,Image,4,4,1,13.23,Wednesday,Desktop,0.97,1.0,0.25,21,277.83,0,0,1,0,-0.16434251588647886
U0022,33,M,India,Travel,A0022,Electronics,Facebook,Carousel,9,0,0,4.84,Sunday,Mobile,0.02,0.0,0.0,33,159.72,1,1,1,0,-1.5773225789449017
U0023,28,F,India,Gaming,A0023,Apparel,Instagram,Image,3,3,1,12.32,Sunday,Desktop,0.96,1.0,0.3333333333333333,56,344.96000000000004,1,0,0,1,-0.4251074204616708
U0024,36,F,Australia,Food,A0024,Luggage,Instagram,Image,4,2,1,2.7,Saturday,Tablet,0.66,0.5,0.5,72,97.2,1,0,0,1,-1.364189603739847
U0025,21,Other,Canada,Tech,A0025,Electronics,Instagram,Carousel,15,5,1,15.73,Sunday,Mobile,0.65,0.3333333333333333,0.2,42,330.33,1,1,0,1,0.220248390197065
U0026,22,Other,USA,Food,A0026,Apparel,Instagram,Image,15,7,0,2.15,Monday,Desktop,0.24,0.4666666666666667,0.0,44,47.3,0,0,0,1,-0.45754282155105364
U0027,60,Other,Germany,Travel,A0027,Sportswear,Instagram,Image,11,11,1,8.7,Tuesday,Tablet,0.94,1.0,0.09090909090909091,120,522.0,0,0,0,1,0.812141742906509
U0028,59,F,India,Fitness,A0028,Electronics,Facebook,Video,10,9,0,3.12,Tuesday,Tablet,0.47,0.9,0.0,59,184.08,0,0,1,0,-0.0022093025151975676
U0029,34,M,Canada,Tech,A0029,Apparel,Instagram,Video,3,3,0,21.4,Friday,Tablet,0.6,1.0,0.0,68,727.5999999999999,0,0,0,1,0.2820247139382253
U0030,51,M,Australia,Travel,A0030,Sportswear,Facebook,Image,5,0,0,4.45,Saturday,Tablet,0.02,0.0,0.0,51,226.95000000000002,1,0,1,0,-1.6076949944092143
U0031,27,F,Canada,Travel,A0031,Apparel,Instagram,Image,11,10,0,15.66,Wednesday,Mobile,0.53,0.9090909090909091,0.0,54,422.82,0,1,0,1,1.1642766068034738
U0032,23,Other,India,Fitness,A0032,Electronics,Facebook,Video,13,2,0,8.6,Saturday,Desktop,0.12,0.15384615384615385,0.0,23,197.79999999999998,1,0,1,0,-0.9047094723566546
U0033,53,Other,India,Travel,A0033,Electronics,Facebook,Image,15,4,0,25.2,Friday,Tablet,0.23,0.26666666666666666,0.0,53,1335.6,0,0,1,0,0.7678570049028116
U0034,27,F,UK,Tech,A0034,Sportswear,Instagram,Image,15,11,1,8.24,Monday,Desktop,0.81,0.7333333333333333,0.09090909090909091,54,222.48000000000002,0,0,0,1,0.7763178682562941
U0035,53,F,Germany,Food,A0035,Apparel,Facebook,Image,13,12,1,12.96,Tuesday,Tablet,0.93,0.9230769230769231,0.08333333333333333,53,686.88,0,0,1,0,1.3337979085213103
U0036,39,F,Australia,Food,A0036,Apparel,Instagram,Image,13,11,1,26.29,Sunday,Desktop,0.92,0.8461538461538461,0.09090909090909091,78,1025.31,1,0,0,1,2.182015558335383
U0037,32,M,India,Fitness,A0037,Sportswear,Facebook,Image,1,0,0,1.99,Wednesday,Mobile,0.01,0.0,0.0,32,63.68,0,1,1,0,-1.7992748457994947
U0038,35,F,Australia,Travel,A0038,Gadgets,Instagram,Image,2,1,1,28.91,Wednesday,Mobile,0.75,0.5,1.0,70,1011.85,0,1,0,1,0.4870965362802461
U0039,24,Other,India,Fitness,A0039,Food & Beverage,Instagram,Video,10,8,1,27.09,Tuesday,Desktop,0.9,0.8,0.125,48,650.16,0,0,0,1,1.6746301435560225
U0040,20,Other,India,Tech,A0040,Luggage,Facebook,Video,7,1,0,27.7,Friday,Desktop,0.17,0.14285714285714285,0.0,20,554.0,0,0,1,0,0.39286417035250654
U0041,60,M,Australia,Fitness,A0041,Luggage,Instagram,Carousel,7,5,1,9.57,Tuesday,Mobile,0.8,0.7142857142857143,0.2,120,574.2,0,1,0,1,-0.2594800181623361
U0042,44,Other,India,Food,A0042,Food & Beverage,Facebook,Carousel,10,4,1,25.18,Wednesday,Desktop,0.7,0.4,0.25,44,1107.92,0,0,1,0,0.7662994451354112
U0043,31,F,Germany,Travel,A0043,Food & Beverage,Instagram,Video,8,7,0,15.82,Sunday,Tablet,0.52,0.875,0.0,62,490.42,1,0,0,1,0.6070492794672924
U0044,28,Other,USA,Fitness,A0044,Luggage,Instagram,Image,14,12,1,10.0,Sunday,Mobile,0.88,0.8571428571428571,0.08333333333333333,56,280.0,1,1,0,1,1.1032790629460136
U0045,27,M,USA,Fashion,A0045,Gadgets,Facebook,Video,7,3,0,12.14,Thursday,Mobile,0.27,0.42857142857142855,0.0,27,327.78000000000003,0,1,1,0,-0.43912545836827666
U0046,27,Other,Australia,Tech,A0046,Electronics,Instagram,Image,3,3,1,8.23,Sunday,Mobile,0.94,1.0,0.3333333333333333,54,222.21,1,1,0,1,-0.7436283928951042
U0047,47,M,India,Food,A0047,Luggage,Instagram,Video,10,8,1,27.3,Thursday,Mobile,0.9,0.8,0.125,94,1283.1000000000001,0,1,0,1,1.690984521113729
U0048,48,F,Canada,Fashion,A0048,Food & Beverage,Instagram,Carousel,8,3,1,3.25,Wednesday,Mobile,0.6,0.375,0.3333333333333333,96,156.0,0,1,0,1,-1.131460774977867
U0049,35,F,Canada,Travel,A0049,Electronics,Facebook,Image,4,3,0,21.49,Monday,Desktop,0.47,0.75,0.0,35,752.15,0,0,1,0,0.2890337328915283
U0050,44,F,Germany,Gaming,A0050,Gadgets,Facebook,Image,14,6,1,23.32,Saturday,Mobile,0.71,0.42857142857142855,0.16666666666666666,44,1026.08,1,1,1,0,1.001238257084075
U0051,54,F,India,Tech,A0001,Sportswear,Instagram,Video,14,14,0,13.15,Saturday,Tablet,0.57,1.0,0.0,108,710.1,1,0,0,1,1.728386596628541
U0052,52,Other,UK,Gaming,A0002,Apparel,Instagram,Video,8,0,0,1.94,Saturday,Tablet,0.01,0.0,0.0,104,100.88,1,0,0,1,-1.8031687452179963
U0053,43,Other,UK,Gaming,A0003,Apparel,Facebook,Video,10,9,0,3.43,Thursday,Mobile,0.47,0.9,0.0,43,147.49,0,1,1,0,0.021932873879512378
U0054,47,M,USA,Fitness,A0004,Gadgets,Instagram,Image,8,5,1,26.51,Wednesday,Desktop,0.81,0.625,0.2,94,1245.97,0,0,0,1,1.0597731048260168
U0055,34,M,India,Tech,A0005,Food & Beverage,Facebook,Video,4,0,0,3.91,Saturday,Mobile,0.02,0.0,0.0,34,132.94,1,1,1,0,-1.649749108129032
U0056,19,M,UK,Tech,A0006,Luggage,Facebook,Image,3,3,0,17.36,Tuesday,Desktop,0.59,1.0,0.0,19,329.84,0,0,1,0,-0.03260235907670638
U0057,34,F,UK,Travel,A0007,Luggage,Facebook,Image,5,0,0,2.89,Wednesday,Tablet,0.01,0.0,0.0,34,98.26,0,0,1,0,-1.7291846562664652
U0058,42,F,Australia,Fashion,A0008,Electronics,Facebook,Image,12,12,1,20.84,Sunday,Mobile,1.0,1.0,0.08333333333333333,42,875.28,1,1,1,0,1.9474764568771674
U0059,54,M,Canada,Travel,A0009,Gadgets,Instagram,Image,9,5,1,13.18,Thursday,Mobile,0.74,0.5555555555555556,0.2,108,711.72,0,1,0,1,0.021659519853481725
U0060,45,F,Australia,Gaming,A0010,Food & Beverage,Facebook,Video,3,2,0,27.67,Sunday,Desktop,0.43,0.6666666666666666,0.0,45,1245.15,1,0,1,0,0.5804237658598681
U0061,47,F,Australia,Travel,A0011,Sportswear,Instagram,Image,14,14,1,26.57,Tuesday,Desktop,1.0,1.0,0.07142857142857142,94,1248.79,0,0,0,1,2.773509200554379
U0062,54,Other,Australia,Gaming,A0012,Sportswear,Facebook,Video,14,5,1,7.15,Sunday,Desktop,0.61,0.35714285714285715,0.2,54,386.1,1,0,1,0,-0.4479447500178151
U0063,39,F,Germany,Food,A0013,Sportswear,Facebook,Carousel,4,0,0,1.21,Thursday,Desktop,0.01,0.0,0.0,39,47.19,0,0,1,0,-1.86001967672812
U0064,53,M,Australia,Gaming,A0014,Food & Beverage,Instagram,Video,13,0,0,0.47,Tuesday,Desktop,0.0,0.0,0.0,106,24.91,0,0,0,1,-1.9176493881219443
U0065,33,F,Australia,Travel,A0015,Sportswear,Instagram,Carousel,9,5,1,22.63,Wednesday,Desktop,0.78,0.5555555555555556,0.2,66,746.79,0,0,0,1,0.75760650995029
U0066,47,F,Canada,Fitness,A0016,Apparel,Facebook,Carousel,4,2,1,16.54,Sunday,Tablet,0.73,0.5,0.5,47,777.38,1,0,1,0,-0.2863582446985954
U0067,29,M,UK,Food,A0017,Gadgets,Instagram,Carousel,10,8,0,29.43,Sunday,Mobile,0.5,0.8,0.0,58,853.47,1,1,0,1,1.8568646363418988
U0068,36,M,Canada,Fashion,A0018,Sportswear,Facebook,Carousel,9,2,1,29.25,Friday,Desktop,0.61,0.2222222222222222,0.5,36,1053.0,0,0,1,0,0.7034709874845195
U0069,26,Other,India,Tech,A0019,Electronics,Instagram,Video,8,7,1,29.0,Wednesday,Desktop,0.94,0.875,0.14285714285714285,52,754.0,0,0,0,1,1.6334811661843225
U0070,25,M,India,Gaming,A0020,Electronics,Facebook,Image,3,2,1,8.2,Friday,Desktop,0.77,0.6666666666666666,0.5,25,204.99999999999997,0,0,1,0,-0.9358606677046676
U0071,56,Other,Germany,Fashion,A0021,Luggage,Instagram,Video,15,14,1,18.07,Thursday,Desktop,0.96,0.9333333333333333,0.07142857142857142,112,1011.9200000000001,0,0,0,1,2.1115462994091017
U0072,54,Other,USA,Travel,A0022,Food & Beverage,Facebook,Image,11,3,1,3.35,Tuesday,Mobile,0.55,0.2727272727272727,0.3333333333333333,54,180.9,0,1,1,0,-1.1236729761408637
U0073,53,M,UK,Tech,A0023,Gadgets,Instagram,Carousel,10,7,1,7.71,Saturday,Desktop,0.79,0.7,0.14285714285714285,106,408.63,1,0,0,1,-0.024541206213672333
U0074,47,M,Australia,Fashion,A0024,Sportswear,Facebook,Video,2,2,1,5.32,Wednesday,Mobile,0.93,1.0,0.5,47,250.04000000000002,0,1,1,0,-1.1601492742103616
U0075,22,M,UK,Fitness,A0025,Luggage,Instagram,Video,2,1,0,21.29,Wednesday,Tablet,0.35,0.5,0.0,44,468.38,0,0,0,1,-0.10633373509940257
U0076,52,F,India,Tech,A0026,Luggage,Facebook,Video,12,5,0,1.75,Tuesday,Tablet,0.22,0.4166666666666667,0.0,52,91.0,0,0,1,0,-0.8684858872159913
U0077,54,Other,USA,Food,A0027,Sportswear,Facebook,Image,8,8,0,27.57,Tuesday,Tablet,0.6,1.0,0.0,54,1488.78,0,0,1,0,1.712011577973638
U0078,45,Other,India,Tech,A0028,Gadgets,Instagram,Video,6,2,0,25.87,Wednesday,Desktop,0.27,0.3333333333333333,0.0,90,1164.15,0,0,0,1,0.4402433867938092
U0079,49,F,Australia,Gaming,A0029,Luggage,Facebook,Video,2,1,1,4.36,Sunday,Desktop,0.67,0.5,1.0,49,213.64000000000001,1,0,1,0,-1.424808078204055
U0080,50,M,Australia,Travel,A0030,Gadgets,Instagram,Image,4,4,1,22.94,Saturday,Desktop,1.0,1.0,0.25,100,1147.0,1,0,0,1,0.591852751186538
U0081,21,M,Canada,Travel,A0031,Apparel,Instagram,Video,15,15,1,29.22,Friday,Mobile,1.0,1.0,0.06666666666666667,42,613.62,0,1,0,1,3.169781804893428
U0082,28,F,Germany,Tech,A0032,Luggage,Instagram,Image,4,0,0,2.31,Monday,Tablet,0.01,0.0,0.0,56,64.68,0,0,0,1,-1.7743538895210842
U0083,27,F,Australia,Fitness,A0033,Luggage,Instagram,Video,14,7,0,8.07,Friday,Mobile,0.29,0.5,0.0,54,217.89000000000001,0,1,0,1,0.003494869599539493
U0084,42,M,Germany,Travel,A0034,Food & Beverage,Facebook,Image,5,3,1,23.84,Wednesday,Mobile,0.8,0.6,0.3333333333333333,42,1001.28,0,1,1,0,0.47204700556110507
U0085,36,Other,Canada,Travel,A0035,Luggage,Instagram,Image,8,8,1,10.64,Sunday,Tablet,0.95,1.0,0.125,72,383.04,1,0,0,1,0.3935372348689856
U0086,42,F,Canada,Fashion,A0036,Food & Beverage,Facebook,Carousel,7,3,0,12.91,Wednesday,Tablet,0.28,0.42857142857142855,0.0,42,542.22,0,0,1,0,-0.37915940732335157
U0087,48,Other,India,Gaming,A0037,Food & Beverage,Facebook,Video,1,0,0,2.51,Friday,Desktop,0.01,0.0,0.0,48,120.47999999999999,0,0,1,0,-1.7587782918470778
U0088,24,F,USA,Travel,A0038,Gadgets,Facebook,Carousel,3,3,0,29.13,Monday,Desktop,0.6,1.0,0.0,24,699.12,0,0,1,0,0.8840215640385778
U0089,34,F,Germany,Food,A0039,Gadgets,Facebook,Video,14,10,0,12.02,Wednesday,Tablet,0.42,0.7142857142857143,0.0,34,408.68,0,0,1,0,0.8808007291365549
U0090,49,Other,USA,Travel,A0040,Electronics,Facebook,Carousel,11,4,0,22.66,Thursday,Mobile,0.28,0.36363636363636365,0.0,49,1110.34,0,1,1,0,0.5700469144429289
U0091,58,Other,USA,Gaming,A0041,Apparel,Instagram,Image,1,1,0,9.51,Wednesday,Desktop,0.55,1.0,0.0,116,551.58,0,0,0,1,-1.023736438098387
U0092,27,M,Germany,Gaming,A0042,Luggage,Facebook,Image,3,0,0,3.05,Thursday,Tablet,0.02,0.0,0.0,27,82.35,0,0,1,0,-1.71672417812726
U0093,33,F,Germany,Fashion,A0043,Apparel,Instagram,Carousel,5,3,1,1.27,Sunday,Desktop,0.71,0.6,0.3333333333333333,66,41.910000000000004,1,0,0,1,-1.2856591919505316
U0094,36,Other,Germany,Fashion,A0044,Electronics,Instagram,Video,10,4,0,13.3,Wednesday,Desktop,0.27,0.4,0.0,72,478.8,0,0,0,1,-0.15889105670057654
U0095,37,M,India,Gaming,A0045,Electronics,Facebook,Video,10,5,0,29.79,Wednesday,Mobile,0.35,0.5,0.0,37,1102.23,0,1,1,0,1.3152129066797238
U0096,60,F,Canada,Tech,A0046,Luggage,Facebook,Carousel,12,7,0,27.19,Sunday,Mobile,0.39,0.5833333333333334,0.0,60,1631.4,1,1,1,0,1.4925220072345635
U0097,56,F,UK,Food,A0047,Apparel,Instagram,Carousel,13,11,0,20.74,Tuesday,Tablet,0.52,0.8461538461538461,0.0,112,1161.4399999999998,0,0,0,1,1.7497927228817018
U0098,24,Other,Australia,Tech,A0048,Sportswear,Instagram,Image,10,5,0,3.61,Wednesday,Desktop,0.27,0.5,0.0,48,86.64,0,0,0,1,-0.7236328288477306
U0099,44,M,UK,Fashion,A0049,Luggage,Instagram,Carousel,9,4,0,8.45,Sunday,Desktop,0.26,0.4444444444444444,0.0,88,371.79999999999995,1,0,0,1,-0.536599300295235
U0100,36,Other,Canada,Tech,A0050,Gadgets,Facebook,Image,13,3,0,22.0,Thursday,Tablet,0.22,0.23076923076923078,0.0,36,792.0,0,0,1,0,0.3287515069602451
U0101,41,M,India,Tech,A0001,Sportswear,Facebook,Video,6,5,0,8.6,Thursday,Tablet,0.46,0.8333333333333334,0.0,41,352.59999999999997,0,0,1,0,-0.3350216668812678
U0102,41,M,Australia,Fashion,A0002,Gadgets,Facebook,Carousel,15,10,0,7.42,Monday,Tablet,0.37,0.6666666666666666,0.0,41,304.21999999999997,0,0,1,0,0.5225619826344049
U0103,47,Other,Canada,Food,A0003,Gadgets,Facebook,Image,1,0,0,1.52,Thursday,Mobile,0.01,0.0,0.0,47,71.44,0,1,1,0,-1.83587750033341
U0104,24,M,Germany,Fashion,A0004,Gadgets,Instagram,Video,11,11,0,16.67,Friday,Tablet,0.58,1.0,0.0,48,400.08000000000004,0,0,0,1,1.4328293102156693
U0105,27,F,Australia,Tech,A0005,Gadgets,Instagram,Video,1,1,1,13.9,Tuesday,Desktop,0.97,1.0,1.0,54,375.3,0,0,0,1,-0.6818520691539437
U0106,24,Other,Canada,Travel,A0006,Food & Beverage,Instagram,Image,7,4,1,4.54,Sunday,Desktop,0.71,0.5714285714285714,0.25,48,108.96000000000001,1,0,0,1,-0.8411022348220626
U0107,23,Other,UK,Food,A0007,Food & Beverage,Facebook,Image,13,5,1,4.65,Friday,Mobile,0.62,0.38461538461538464,0.2,23,106.95,0,1,1,0,-0.6426397209428967
U0108,22,Other,UK,Travel,A0008,Apparel,Facebook,Video,13,2,0,18.28,Wednesday,Mobile,0.17,0.15384615384615385,0.0,22,402.16,0,1,1,0,-0.15085054493473848
U0109,26,Other,Canada,Fashion,A0009,Electronics,Facebook,Image,1,1,0,7.9,Wednesday,Mobile,0.54,1.0,0.0,26,205.4,0,1,1,0,-1.1491199993741394
U0110,29,F,USA,Fashion,A0010,Food & Beverage,Instagram,Carousel,2,2,1,14.0,Wednesday,Tablet,0.97,1.0,0.5,58,406.0,0,0,0,1,-0.48416833515847824
U0111,55,M,India,Travel,A0011,Apparel,Facebook,Carousel,13,13,0,9.75,Saturday,Mobile,0.55,1.0,0.0,55,536.25,1,1,1,0,1.2737055010119676
U0112,21,F,India,Gaming,A0012,Food & Beverage,Facebook,Video,12,7,1,3.34,Friday,Mobile,0.71,0.5833333333333334,0.14285714285714285,21,70.14,0,1,1,0,-0.364868015390715
U0113,22,M,Canada,Travel,A0013,Food & Beverage,Instagram,Video,10,8,1,15.66,Thursday,Mobile,0.88,0.8,0.125,44,344.52,0,1,0,1,0.7844847364865495
U0114,25,Other,Australia,Travel,A0014,Food & Beverage,Facebook,Video,8,3,1,25.0,Thursday,Desktop,0.69,0.375,0.3333333333333333,25,625.0,0,0,1,0,0.562385472070343
U0115,24,F,India,Fitness,A0015,Food & Beverage,Instagram,Video,3,3,1,25.12,Monday,Desktop,1.0,1.0,0.3333333333333333,48,602.88,0,0,0,1,0.5717308306747468
U0116,24,Other,Australia,Fitness,A0016,Apparel,Facebook,Carousel,9,8,1,4.54,Wednesday,Tablet,0.87,0.8888888888888888,0.125,24,108.96000000000001,0,0,1,0,-0.08151849418821354
U0117,45,Other,USA,Fitness,A0017,Luggage,Instagram,Video,2,2,0,5.49,Thursday,Mobile,0.53,1.0,0.0,90,247.05,0,1,0,1,-1.146910016187456
U0118,24,F,Germany,Fitness,A0018,Electronics,Instagram,Carousel,4,3,0,29.26,Sunday,Tablet,0.47,0.75,0.0,48,702.24,1,0,0,1,0.8941457025266821
U0119,57,Other,Australia,Travel,A0019,Electronics,Instagram,Image,3,2,0,9.96,Wednesday,Desktop,0.38,0.6666666666666666,0.0,114,567.72,0,0,0,1,-0.7987954081734101
U0120,18,M,UK,Travel,A0020,Food & Beverage,Instagram,Image,3,0,0,0.46,Friday,Mobile,0.0,0.0,0.0,36,8.280000000000001,0,1,0,1,-1.9184281680056445
U0121,42,F,India,Fitness,A0021,Apparel,Instagram,Video,12,5,0,17.46,Monday,Mobile,0.3,0.4166666666666667,0.0,84,733.32,0,1,0,1,0.35497731007722144
U0122,27,M,Germany,Tech,A0022,Food & Beverage,Facebook,Video,8,6,1,13.82,Wednesday,Mobile,0.84,0.75,0.16666666666666666,27,373.14,0,1,1,0,0.26139736756876486
U0123,50,M,Canada,Gaming,A0023,Electronics,Instagram,Carousel,11,9,1,20.35,Monday,Mobile,0.91,0.8181818181818182,0.1111111111111111,100,1017.5000000000001,0,1,0,1,1.3396284371004648
U0124,43,Other,USA,Tech,A0024,Apparel,Instagram,Image,13,2,0,9.39,Monday,Mobile,0.12,0.15384615384615385,0.0,86,403.77000000000004,0,1,0,1,-0.8431858615443286
U0125,49,Other,India,Fashion,A0025,Apparel,Instagram,Carousel,12,3,0,25.17,Sunday,Desktop,0.23,0.25,0.0,98,1233.3300000000002,1,0,0,1,0.5756247300932487
U0126,22,F,Australia,Tech,A0026,Gadgets,Facebook,Video,15,2,0,17.7,Friday,Desktop,0.16,0.13333333333333333,0.0,22,389.4,0,0,1,0,-0.19601977818935756
U0127,58,F,Canada,Tech,A0027,Gadgets,Facebook,Video,3,3,0,27.67,Monday,Desktop,0.6,1.0,0.0,58,1604.8600000000001,0,0,1,0,0.7703197010183302
U0128,24,M,India,Travel,A0028,Gadgets,Facebook,Video,14,4,0,7.43,Sunday,Mobile,0.18,0.2857142857142857,0.0,24,178.32,1,1,1,0,-0.6160348484326682
U0129,22,Other,Australia,Tech,A0029,Luggage,Facebook,Video,6,5,0,19.72,Tuesday,Mobile,0.52,0.8333333333333334,0.0,22,433.84,0,1,1,0,0.5309815637934951
U0130,24,M,Canada,Fashion,A0030,Apparel,Facebook,Carousel,2,0,0,4.76,Saturday,Desktop,0.02,0.0,0.0,24,114.24,1,0,1,0,-1.5835528180145042
U0131,47,Other,Germany,Gaming,A0031,Food & Beverage,Instagram,Carousel,6,1,1,14.6,Saturday,Desktop,0.56,0.16666666666666666,1.0,94,686.1999999999999,1,0,0,1,-0.627337477294921
U0132,35,Other,USA,Fitness,A0032,Luggage,Facebook,Video,8,7,1,11.69,Wednesday,Mobile,0.9,0.875,0.14285714285714285,35,409.15,0,1,1,0,0.28541318749905753
U0133,59,M,Germany,Travel,A0033,Luggage,Instagram,Video,10,8,0,22.43,Monday,Desktop,0.5,0.8,0.0,118,1323.37,0,0,0,1,1.3117187177516703
U0134,54,Other,UK,Fitness,A0034,Luggage,Instagram,Carousel,3,0,0,2.25,Sunday,Desktop,0.01,0.0,0.0,108,121.5,1,0,0,1,-1.7790265688232862
U0135,23,Other,Australia,Fashion,A0035,Electronics,Facebook,Carousel,8,7,0,18.68,Wednesday,Desktop,0.53,0.875,0.0,23,429.64,0,0,1,0,0.8297803262055857
U0136,36,F,India,Fitness,A0036,Food & Beverage,Facebook,Carousel,11,5,1,3.74,Saturday,Desktop,0.65,0.45454545454545453,0.2,36,134.64000000000001,1,0,1,0,-0.7135086903596264
U0137,36,F,Australia,Food,A0037,Luggage,Facebook,Video,2,2,0,27.59,Wednesday,Tablet,0.6,1.0,0.0,36,993.24,0,0,1,0,0.5741935267902654
U0138,60,F,UK,Travel,A0038,Food & Beverage,Facebook,Video,9,6,0,10.53,Tuesday,Tablet,0.39,0.6666666666666666,0.0,60,631.8,0,0,1,0,0.005178785831357454
U0139,51,M,Australia,Food,A0039,Gadgets,Instagram,Image,6,2,1,7.21,Sunday,Desktop,0.6,0.3333333333333333,0.5,102,367.71,1,0,0,1,-1.012959876191
U0140,30,M,UK,Fashion,A0040,Electronics,Instagram,Image,9,8,0,26.63,Monday,Tablet,0.54,0.8888888888888888,0.0,60,798.9,0,0,0,1,1.6388062689058074
U0141,39,Other,UK,Travel,A0041,Gadgets,Facebook,Image,3,1,0,2.27,Wednesday,Tablet,0.18,0.3333333333333333,0.0,39,88.53,0,0,1,0,-1.5875730738974234
U0142,33,F,Germany,Fitness,A0042,Food & Beverage,Instagram,Image,9,3,1,24.45,Thursday,Mobile,0.67,0.3333333333333333,0.3333333333333333,66,806.85,0,1,0,1,0.5195525784668249
U0143,41,Other,Germany,Gaming,A0043,Gadgets,Instagram,Video,9,8,1,5.7,Tuesday,Tablet,0.87,0.8888888888888888,0.125,82,233.70000000000002,0,0,0,1,0.00881997232102428
U0144,26,F,USA,Food,A0044,Gadgets,Instagram,Carousel,15,3,0,15.96,Monday,Desktop,0.18,0.2,0.0,52,414.96000000000004,0,0,0,1,-0.14163154279475196
U0145,23,M,Canada,Gaming,A0045,Luggage,Facebook,Video,2,0,0,4.08,Wednesday,Mobile,0.02,0.0,0.0,23,93.84,0,1,1,0,-1.6365098501061264
U0146,44,M,India,Travel,A0046,Sportswear,Facebook,Video,2,1,1,10.24,Monday,Tablet,0.7,0.5,1.0,44,450.56,0,0,1,0,-0.9668855065882631
U0147,59,F,UK,Fashion,A0047,Electronics,Instagram,Video,12,2,0,14.6,Friday,Mobile,0.16,0.16666666666666666,0.0,118,861.4,0,1,0,1,-0.4374415421364587
U0148,23,M,Canada,Fashion,A0048,Apparel,Instagram,Image,13,4,1,4.53,Tuesday,Desktop,0.58,0.3076923076923077,0.25,46,104.19000000000001,0,0,0,1,-0.8418810147057627
U0149,58,Other,India,Tech,A0049,Electronics,Instagram,Carousel,9,0,0,3.16,Friday,Mobile,0.02,0.0,0.0,116,183.28,0,1,0,1,-1.7081575994065565
U0150,27,F,India,Tech,A0050,Luggage,Instagram,Image,10,6,1,20.38,Friday,Desktop,0.8,0.6,0.16666666666666666,54,550.26,0,0,0,1,0.7722769712761789
U0151,22,Other,Germany,Travel,A0001,Luggage,Facebook,Video,14,7,1,12.22,Wednesday,Desktop,0.71,0.5,0.14285714285714285,22,268.84000000000003,0,0,1,0,0.3266885213351749
U0152,19,F,USA,Fitness,A0002,Apparel,Facebook,Carousel,12,12,1,2.29,Friday,Desktop,0.91,1.0,0.08333333333333333,19,43.51,0,0,1,0,0.502839772613062
U0153,59,M,Australia,Gaming,A0003,Food & Beverage,Instagram,Carousel,3,1,1,23.51,Thursday,Mobile,0.67,0.3333333333333333,1.0,118,1387.0900000000001,0,1,0,1,0.06655539908206999
U0154,36,M,USA,Fashion,A0004,Electronics,Instagram,Video,9,6,0,16.75,Wednesday,Mobile,0.42,0.6666666666666666,0.0,72,603.0,0,1,0,1,0.4895798734929605
U0155,59,M,Canada,Fitness,A0005,Electronics,Instagram,Video,2,1,1,12.6,Thursday,Desktop,0.71,0.5,1.0,118,743.4,0,0,0,1,-0.7830934540349862
U0156,39,M,India,Food,A0006,Gadgets,Instagram,Carousel,5,0,0,3.64,Monday,Desktop,0.02,0.0,0.0,78,141.96,0,0,0,1,-1.6707761649889408
U0157,56,M,Germany,Fitness,A0007,Sportswear,Facebook,Image,6,5,1,13.93,Saturday,Desktop,0.89,0.8333333333333334,0.2,56,780.0799999999999,1,0,1,0,0.0800680111310062
U0158,28,Other,India,Fitness,A0008,Gadgets,Facebook,Carousel,14,14,1,29.95,Wednesday,Tablet,1.0,1.0,0.07142857142857142,28,838.6,0,0,1,0,3.0367368012450893
U0159,21,M,Australia,Food,A0009,Gadgets,Instagram,Carousel,13,11,0,28.63,Tuesday,Tablet,0.52,0.8461538461538461,0.0,42,601.23,0,0,0,1,2.3642500511212594
U0160,46,M,UK,Tech,A0010,Apparel,Instagram,Video,7,0,0,3.03,Saturday,Desktop,0.02,0.0,0.0,92,139.38,1,0,0,1,-1.7182817378946609
U0161,41,F,India,Tech,A0011,Luggage,Facebook,Carousel,6,3,1,9.08,Monday,Mobile,0.7,0.5,0.3333333333333333,41,372.28000000000003,0,1,1,0,-0.6774321027805765
U0162,29,F,Germany,Gaming,A0012,Luggage,Facebook,Video,13,4,0,7.22,Friday,Desktop,0.19,0.3076923076923077,0.0,29,209.38,0,0,1,0,-0.6323892259903751
U0163,49,M,USA,Fashion,A0013,Electronics,Instagram,Image,15,14,0,24.5,Sunday,Desktop,0.57,0.9333333333333333,0.0,98,1200.5,1,0,0,1,2.6123017646284117
U0164,60,F,Australia,Tech,A0014,Luggage,Instagram,Video,14,2,0,27.89,Saturday,Mobile,0.17,0.14285714285714285,0.0,120,1673.4,1,1,0,1,0.5975569233012752
U0165,41,Other,UK,Tech,A0015,Apparel,Facebook,Image,13,7,1,17.07,Wednesday,Desktop,0.75,0.5384615384615384,0.14285714285714285,41,699.87,0,0,1,0,0.7043967649298332
U0166,53,M,Germany,Tech,A0016,Electronics,Instagram,Video,12,11,1,12.91,Thursday,Tablet,0.92,0.9166666666666666,0.09090909090909091,106,684.23,0,0,0,1,1.1400080739443466
U0167,22,M,Canada,Food,A0017,Electronics,Instagram,Video,11,8,1,26.46,Sunday,Tablet,0.86,0.7272727272727273,0.125,44,582.12,1,0,0,1,1.625567010882902
U0168,58,Other,UK,Fashion,A0018,Gadgets,Facebook,Image,9,2,1,5.7,Saturday,Mobile,0.54,0.2222222222222222,0.5,58,330.6,1,1,1,0,-1.1305556386297493
U0169,40,Other,Canada,Tech,A0019,Sportswear,Facebook,Carousel,9,4,1,9.78,Friday,Mobile,0.67,0.4444444444444444,0.25,40,391.2,0,1,1,0,-0.43302157576309147
U0170,50,Other,UK,Travel,A0020,Luggage,Facebook,Image,11,9,0,18.55,Sunday,Tablet,0.5,0.8181818181818182,0.0,50,927.5,1,0,1,0,1.199448058034406
U0171,20,M,USA,Tech,A0021,Food & Beverage,Instagram,Carousel,4,4,1,19.53,Thursday,Tablet,1.0,1.0,0.25,40,390.6,0,0,0,1,0.3262888108447268
U0172,52,F,Australia,Fitness,A0022,Gadgets,Facebook,Carousel,7,4,1,20.97,Tuesday,Desktop,0.79,0.5714285714285714,0.25,52,1090.44,0,0,1,0,0.43843311409757363
U0173,44,F,India,Fashion,A0023,Sportswear,Facebook,Video,14,11,1,29.65,Wednesday,Desktop,0.89,0.7857142857142857,0.09090909090909091,44,1304.6,0,0,1,0,2.4436855992586928
U0174,26,F,Germany,Travel,A0024,Electronics,Instagram,Image,8,1,1,8.19,Monday,Mobile,0.5,0.125,1.0,52,212.94,0,1,0,1,-1.12653538274683
U0175,36,F,Germany,Gaming,A0025,Apparel,Facebook,Video,15,10,1,5.62,Friday,Desktop,0.76,0.6666666666666666,0.1,36,202.32,0,0,1,0,0.3823816035683463
U0176,49,F,India,Tech,A0026,Electronics,Instagram,Carousel,8,3,1,11.23,Monday,Desktop,0.64,0.375,0.3333333333333333,98,550.27,0,0,0,1,-0.5099944277850064
U0177,49,Other,Australia,Food,A0027,Gadgets,Instagram,Carousel,1,0,0,2.15,Wednesday,Tablet,0.01,0.0,0.0,98,105.35,0,0,0,1,-1.7868143676602892
U0178,41,F,Canada,Tech,A0028,Gadgets,Facebook,Carousel,9,3,1,9.37,Thursday,Tablet,0.61,0.3333333333333333,0.3333333333333333,41,384.16999999999996,0,0,1,0,-0.6548474861532672
U0179,46,Other,Canada,Travel,A0029,Food & Beverage,Facebook,Image,2,1,1,29.62,Friday,Desktop,0.75,0.5,1.0,46,1362.52,0,0,1,0,0.5423899080229694
U0180,27,M,Germany,Travel,A0030,Gadgets,Facebook,Image,1,0,0,3.57,Sunday,Desktop,0.02,0.0,0.0,27,96.39,1,0,1,0,-1.676227624174843
U0181,51,F,UK,Travel,A0031,Luggage,Facebook,Video,15,10,1,29.73,Saturday,Desktop,0.83,0.6666666666666666,0.1,51,1516.23,1,0,1,0,2.2600199031698334
U0182,55,F,Germany,Travel,A0032,Luggage,Instagram,Carousel,10,4,1,1.48,Wednesday,Tablet,0.61,0.4,0.25,110,81.4,0,0,0,1,-1.0794088792343624
U0183,25,F,Germany,Fitness,A0033,Food & Beverage,Facebook,Carousel,8,4,0,23.7,Sunday,Tablet,0.35,0.5,0.0,25,592.5,1,0,1,0,0.6510400223477627
U0184,54,M,Australia,Tech,A0034,Luggage,Instagram,Image,9,9,0,12.03,Sunday,Tablet,0.56,1.0,0.0,108,649.62,1,0,0,1,0.691683573861793
U0185,33,M,Germany,Food,A0035,Electronics,Facebook,Image,8,5,1,12.98,Tuesday,Desktop,0.78,0.625,0.2,33,428.34000000000003,0,0,1,0,0.00608392217947524
U0186,50,Other,India,Food,A0036,Food & Beverage,Facebook,Carousel,3,1,0,29.95,Thursday,Tablet,0.27,0.3333333333333333,0.0,50,1497.5,0,0,1,0,0.5680896441850801
U0187,42,F,UK,Gaming,A0037,Luggage,Instagram,Carousel,6,5,0,21.91,Saturday,Tablet,0.52,0.8333333333333334,0.0,84,920.22,1,0,0,1,0.7015343583238667
U0188,34,Other,India,Fashion,A0038,Apparel,Instagram,Carousel,5,1,0,29.49,Sunday,Desktop,0.2,0.2,0.0,68,1002.66,1,0,0,1,0.532265769534865
U0189,31,Other,Australia,Gaming,A0039,Sportswear,Instagram,Video,9,4,1,17.63,Friday,Desktop,0.71,0.4444444444444444,0.25,62,546.53,0,0,0,1,0.17832063294166467
U0190,43,F,UK,Fitness,A0040,Electronics,Instagram,Carousel,2,1,0,20.02,Saturday,Desktop,0.35,0.5,0.0,86,860.86,1,0,0,1,-0.205238780329344
U0191,31,M,Germany,Fitness,A0041,Luggage,Instagram,Image,2,2,0,7.94,Monday,Tablet,0.54,1.0,0.0,62,246.14000000000001,0,0,0,1,-0.956108944680876
U0192,51,M,Australia,Fashion,A0042,Electronics,Facebook,Video,6,5,1,20.75,Tuesday,Mobile,0.92,0.8333333333333334,0.2,51,1058.25,0,1,1,0,0.6111958918146287
U0193,53,M,India,Food,A0043,Gadgets,Instagram,Carousel,4,2,1,19.73,Sunday,Mobile,0.75,0.5,0.5,106,1045.69,1,1,0,1,-0.037927461798191224
U0194,59,Other,UK,Travel,A0044,Food & Beverage,Facebook,Image,7,2,0,2.05,Sunday,Desktop,0.15,0.2857142857142857,0.0,59,120.94999999999999,1,0,1,0,-1.4148102961803681
U0195,49,M,Australia,Fitness,A0045,Electronics,Facebook,Video,10,9,1,29.51,Wednesday,Desktop,0.95,0.9,0.1111111111111111,49,1445.99,0,0,1,0,2.052990810569964
U0196,59,Other,Germany,Gaming,A0046,Apparel,Instagram,Video,4,0,0,1.65,Saturday,Desktop,0.01,0.0,0.0,118,97.35,1,0,0,1,-1.8257533618453057
U0197,59,F,Australia,Fashion,A0047,Electronics,Instagram,Video,10,10,0,6.09,Sunday,Tablet,0.53,1.0,0.0,118,359.31,1,0,0,1,0.4189842581022615
U0198,43,F,Germany,Fitness,A0048,Electronics,Instagram,Carousel,2,0,0,4.91,Thursday,Desktop,0.02,0.0,0.0,86,211.13,0,0,0,1,-1.5718711197589992
U0199,33,M,Canada,Gaming,A0049,Apparel,Instagram,Video,6,2,0,17.61,Wednesday,Tablet,0.25,0.3333333333333333,0.0,66,581.13,0,0,0,1,-0.20302879714266048
U0200,41,Other,UK,Tech,A0050,Food & Beverage,Facebook,Video,5,1,1,15.57,Saturday,Desktop,0.58,0.2,1.0,41,638.37,1,0,1,0,-0.5517958285759892
U0201,25,Other,Canada,Fitness,A0001,Luggage,Facebook,Image,3,3,1,22.68,Friday,Desktop,1.0,1.0,0.3333333333333333,25,567.0,0,0,1,0,0.38170853905186725
U0202,44,Other,Germany,Gaming,A0002,Luggage,Facebook,Image,11,9,0,3.37,Thursday,Tablet,0.43,0.8181818181818182,0.0,44,148.28,0,0,1,0,0.017260194577310657
U0203,41,M,Germany,Tech,A0003,Electronics,Facebook,Carousel,9,2,1,25.78,Thursday,Mobile,0.61,0.2222222222222222,0.5,41,1056.98,0,1,1,0,0.43323436784050634
U0204,31,Other,Germany,Gaming,A0004,Electronics,Instagram,Image,8,2,0,14.25,Monday,Tablet,0.2,0.25,0.0,62,441.75,0,0,0,1,-0.4646988380659701
U0205,47,Other,Canada,Food,A0005,Electronics,Instagram,Video,14,0,0,3.73,Friday,Mobile,0.02,0.0,0.0,94,175.31,0,1,0,1,-1.663767146035638
U0206,20,F,Canada,Food,A0006,Electronics,Facebook,Image,15,15,1,12.86,Sunday,Mobile,0.96,1.0,0.06666666666666667,20,257.2,1,1,1,0,1.8956979151596938
U0207,59,Other,Australia,Gaming,A0007,Sportswear,Instagram,Video,14,14,0,11.89,Saturday,Tablet,0.56,1.0,0.0,118,701.51,1,0,0,1,1.6302603312822999
U0208,52,M,Australia,Fitness,A0008,Electronics,Facebook,Carousel,7,2,0,7.46,Monday,Mobile,0.18,0.2857142857142857,0.0,52,387.92,0,1,1,0,-0.9934903790984917
U0209,37,F,Australia,Food,A0009,Luggage,Instagram,Carousel,7,3,1,11.04,Wednesday,Mobile,0.67,0.42857142857142855,0.3333333333333333,74,408.47999999999996,0,1,0,1,-0.5247912455753126
U0210,25,M,Australia,Gaming,A0010,Luggage,Facebook,Image,4,0,0,0.5,Monday,Desktop,0.0,0.0,0.0,25,12.5,0,0,1,0,-1.9153130484708434
U0211,56,Other,Australia,Tech,A0011,Apparel,Facebook,Video,8,3,0,22.88,Sunday,Mobile,0.29,0.375,0.0,56,1281.28,1,1,1,0,0.39728413672587376
U0212,26,Other,Canada,Fashion,A0012,Food & Beverage,Instagram,Carousel,10,10,0,7.87,Tuesday,Tablet,0.54,1.0,0.0,52,204.62,0,0,0,1,0.5576070774009196
U0213,51,M,India,Fitness,A0013,Sportswear,Facebook,Carousel,10,2,0,13.39,Thursday,Mobile,0.17,0.2,0.0,51,682.89,0,1,1,0,-0.5316739080641981
U0214,40,Other,Australia,Gaming,A0014,Luggage,Instagram,Carousel,7,6,1,11.92,Sunday,Tablet,0.89,0.8571428571428571,0.16666666666666666,80,476.8,1,0,0,1,0.11342918966570285
U0215,48,M,UK,Fitness,A0015,Food & Beverage,Facebook,Video,15,1,0,29.07,Friday,Tablet,0.13,0.06666666666666667,0.0,48,1395.3600000000001,0,0,1,0,0.49955701441945133
U0216,26,F,UK,Fitness,A0016,Apparel,Instagram,Carousel,2,1,0,3.68,Saturday,Mobile,0.27,0.5,0.0,52,95.68,1,1,0,1,-1.4777651102956773
U0217,21,F,India,Food,A0017,Luggage,Facebook,Image,4,4,0,17.21,Thursday,Mobile,0.59,1.0,0.0,21,361.41,0,1,1,0,0.14561187782625107
U0218,39,F,USA,Fashion,A0018,Apparel,Facebook,Carousel,13,7,0,21.17,Saturday,Mobile,0.37,0.5384615384615384,0.0,39,825.6300000000001,1,1,1,0,1.023696517246967
U0219,43,M,Germany,Fitness,A0019,Sportswear,Instagram,Video,9,5,1,11.43,Thursday,Desktop,0.73,0.5555555555555556,0.2,86,491.49,0,0,0,1,-0.1146269597940754
U0220,24,Other,India,Fitness,A0020,Apparel,Instagram,Video,7,0,0,2.81,Tuesday,Tablet,0.01,0.0,0.0,48,67.44,0,0,0,1,-1.7354148953360677
U0221,27,M,Canada,Travel,A0021,Luggage,Instagram,Video,3,1,1,12.02,Sunday,Mobile,0.63,0.3333333333333333,1.0,54,324.53999999999996,1,1,0,1,-0.8282626872896051
U0222,49,Other,Australia,Food,A0022,Sportswear,Instagram,Video,12,10,0,14.36,Saturday,Desktop,0.49,0.8333333333333334,0.0,98,703.64,1,0,0,1,1.0630352219224313
U0223,28,M,Australia,Travel,A0023,Gadgets,Facebook,Carousel,11,0,0,2.62,Sunday,Mobile,0.01,0.0,0.0,28,73.36,1,1,1,0,-1.7502117131263741
U0224,60,M,USA,Gaming,A0024,Apparel,Facebook,Image,12,2,1,15.67,Wednesday,Mobile,0.56,0.16666666666666666,0.5,60,940.2,0,1,1,0,-0.35411209458052373
U0225,57,Other,Australia,Travel,A0025,Gadgets,Instagram,Image,1,1,1,16.35,Wednesday,Tablet,0.98,1.0,1.0,114,931.95,0,0,0,1,-0.49105099764736365
U0226,36,M,Germany,Food,A0026,Food & Beverage,Instagram,Image,2,0,0,2.62,Tuesday,Mobile,0.01,0.0,0.0,72,94.32000000000001,0,1,0,1,-1.7502117131263741
U0227,57,Other,Canada,Fitness,A0027,Sportswear,Instagram,Image,6,3,1,8.05,Saturday,Mobile,0.69,0.5,0.3333333333333333,114,458.85,1,1,0,1,-0.7576464308017101
U0228,37,Other,USA,Food,A0028,Food & Beverage,Facebook,Image,7,6,1,14.8,Saturday,Mobile,0.9,0.8571428571428571,0.16666666666666666,37,547.6,1,1,1,0,0.33771779617139686
U0229,28,M,India,Gaming,A0029,Food & Beverage,Instagram,Carousel,14,1,0,27.66,Tuesday,Mobile,0.14,0.07142857142857142,0.0,56,774.48,0,1,0,1,0.3897490508177054
U0230,54,F,Canada,Tech,A0030,Electronics,Instagram,Carousel,10,10,1,27.93,Wednesday,Mobile,1.0,1.0,0.1,108,1508.22,0,1,0,1,2.1198395241037744
U0231,31,Other,UK,Food,A0031,Gadgets,Facebook,Video,3,1,0,25.63,Saturday,Tablet,0.27,0.3333333333333333,0.0,31,794.53,1,0,1,0,0.231656734426539
U0232,39,F,Australia,Fashion,A0032,Food & Beverage,Facebook,Carousel,12,5,1,13.68,Sunday,Mobile,0.68,0.4166666666666667,0.2,39,533.52,1,1,1,0,0.06059851403849804
U0233,39,Other,Germany,Travel,A0033,Gadgets,Instagram,Image,11,4,0,14.07,Tuesday,Desktop,0.25,0.36363636363636365,0.0,78,548.73,0,0,0,1,-0.09892500565565143
U0234,53,F,India,Fashion,A0034,Food & Beverage,Instagram,Image,13,9,1,8.15,Monday,Mobile,0.79,0.6923076923076923,0.1111111111111111,106,431.95000000000005,0,1,0,1,0.3895169789860665
U0235,35,M,India,Food,A0035,Food & Beverage,Facebook,Carousel,7,5,1,3.65,Wednesday,Desktop,0.78,0.7142857142857143,0.2,35,127.75,0,0,1,0,-0.7205177093129294
U0236,41,F,USA,Fashion,A0036,Electronics,Facebook,Video,8,8,0,12.83,Monday,Mobile,0.56,1.0,0.0,41,526.03,0,1,1,0,0.564090029399357
U0237,40,Other,USA,Travel,A0037,Luggage,Instagram,Video,1,1,1,23.6,Saturday,Tablet,1.0,1.0,1.0,80,944.0,1,0,0,1,0.07356441803537296
U0238,33,Other,Germany,Fashion,A0038,Food & Beverage,Instagram,Image,3,2,1,15.3,Monday,Mobile,0.81,0.6666666666666666,0.5,66,504.90000000000003,0,1,0,1,-0.3829269502774358
U0239,45,F,India,Fitness,A0039,Gadgets,Facebook,Video,5,1,0,15.38,Friday,Mobile,0.18,0.2,0.0,45,692.1,0,1,1,0,-0.5665926463662954
U0240,47,M,UK,Fitness,A0040,Electronics,Instagram,Video,14,9,1,26.0,Thursday,Desktop,0.82,0.6428571428571429,0.1111111111111111,94,1222.0,0,0,0,1,1.779639071391149
U0241,45,Other,Germany,Fashion,A0041,Sportswear,Instagram,Carousel,12,3,1,6.15,Thursday,Desktop,0.56,0.25,0.3333333333333333,90,276.75,0,0,0,1,-0.9056146087047721
U0242,36,Other,Australia,Food,A0042,Gadgets,Facebook,Video,7,4,0,12.4,Monday,Tablet,0.35,0.5714285714285714,0.0,36,446.40000000000003,0,0,1,0,-0.22898124623360594
U0243,30,Other,Germany,Fashion,A0043,Food & Beverage,Facebook,Carousel,8,3,1,9.45,Saturday,Mobile,0.63,0.375,0.3333333333333333,30,283.5,1,1,1,0,-0.6486172470836646
U0244,44,Other,India,Fashion,A0044,Food & Beverage,Instagram,Image,5,5,1,13.27,Thursday,Mobile,0.97,1.0,0.2,88,583.88,0,1,0,1,0.02866853880678464
U0245,46,Other,India,Travel,A0045,Gadgets,Instagram,Carousel,1,1,0,24.56,Friday,Tablet,0.6,1.0,0.0,92,1129.76,0,0,0,1,0.14832728687060415
U0246,23,M,UK,Food,A0046,Food & Beverage,Instagram,Image,11,9,1,29.52,Saturday,Tablet,0.91,0.8181818181818182,0.1111111111111111,46,678.96,1,0,0,1,2.053769590453664
U0247,43,F,India,Tech,A0047,Electronics,Facebook,Video,4,4,0,17.18,Saturday,Tablet,0.59,1.0,0.0,43,738.74,1,0,1,0,0.14327553817515004
U0248,32,F,Canada,Gaming,A0048,Gadgets,Facebook,Video,1,1,1,13.06,Monday,Mobile,0.97,1.0,1.0,32,417.92,0,1,1,0,-0.7472695793847711
U0249,27,F,Canada,Fitness,A0049,Gadgets,Facebook,Carousel,8,5,1,13.71,Saturday,Desktop,0.78,0.625,0.2,27,370.17,1,0,1,0,0.06293485368959911
U0250,38,M,Canada,Tech,A0050,Food & Beverage,Facebook,Image,14,5,0,20.64,Tuesday,Tablet,0.28,0.35714285714285715,0.0,38,784.32,0,0,1,0,0.6026293130939252
U0251,33,Other,UK,Travel,A0001,Apparel,Instagram,Carousel,7,7,1,12.75,Tuesday,Mobile,0.96,1.0,0.14285714285714285,66,420.75,0,1,0,1,0.3679638551712922
U0252,58,Other,India,Gaming,A0002,Electronics,Facebook,Video,10,6,1,21.44,Tuesday,Desktop,0.8,0.6,0.16666666666666666,58,1243.52,0,0,1,0,0.8548276389484136
U0253,22,Other,USA,Travel,A0003,Apparel,Instagram,Video,4,3,1,20.45,Thursday,Tablet,0.88,0.75,0.3333333333333333,44,449.9,0,0,0,1,0.20804062498669446
U0254,58,F,Germany,Gaming,A0004,Luggage,Instagram,Carousel,2,1,1,14.28,Tuesday,Tablet,0.72,0.5,1.0,116,828.24,0,0,0,1,-0.6522584335733314
U0255,37,Other,Germany,Tech,A0005,Food & Beverage,Facebook,Video,2,0,0,1.53,Tuesday,Desktop,0.01,0.0,0.0,37,56.61,0,0,1,0,-1.8350987204497098
U0256,27,Other,India,Gaming,A0006,Luggage,Facebook,Carousel,7,6,1,19.43,Saturday,Tablet,0.93,0.8571428571428571,0.16666666666666666,27,524.61,1,0,1,0,0.6982928823246479
U0257,29,Other,UK,Gaming,A0007,Sportswear,Facebook,Image,6,6,1,2.55,Wednesday,Mobile,0.91,1.0,0.16666666666666666,29,73.94999999999999,0,1,1,0,-0.616287561361503
U0258,49,M,UK,Gaming,A0008,Luggage,Instagram,Video,11,7,1,25.36,Thursday,Mobile,0.82,0.6363636363636364,0.14285714285714285,98,1242.6399999999999,0,1,0,1,1.3500052885174036
U0259,23,Other,USA,Fashion,A0009,Sportswear,Facebook,Video,4,4,1,23.64,Friday,Tablet,1.0,1.0,0.25,23,543.72,0,0,1,0,0.6463673430455609
U0260,49,Other,Germany,Tech,A0010,Luggage,Facebook,Video,13,8,0,11.64,Sunday,Mobile,0.37,0.6153846153846154,0.0,49,570.36,1,1,1,0,0.4714152232390183
U0261,46,Other,UK,Gaming,A0011,Electronics,Facebook,Video,14,0,0,2.25,Wednesday,Mobile,0.01,0.0,0.0,46,103.5,0,1,1,0,-1.7790265688232862
U0262,46,M,UK,Fashion,A0012,Food & Beverage,Instagram,Carousel,10,10,1,18.87,Sunday,Mobile,0.99,1.0,0.1,92,868.0200000000001,1,1,0,1,1.4142649494712787
U0263,31,M,Germany,Fitness,A0013,Luggage,Instagram,Carousel,9,2,1,21.42,Wednesday,Tablet,0.61,0.2222222222222222,0.5,62,664.0200000000001,0,0,0,1,0.09368633854716397
U0264,35,Other,Australia,Tech,A0014,Apparel,Instagram,Image,5,5,1,26.12,Tuesday,Mobile,1.0,1.0,0.2,70,914.2,0,1,0,1,1.029400689361704
U0265,38,M,Australia,Gaming,A0015,Gadgets,Facebook,Carousel,11,4,0,11.88,Monday,Tablet,0.24,0.36363636363636365,0.0,38,451.44000000000005,0,0,1,0,-0.2694778001860229
U0266,23,F,Germany,Food,A0016,Sportswear,Instagram,Video,8,5,0,26.2,Sunday,Tablet,0.41,0.625,0.0,46,602.6,1,0,0,1,1.0356309284313068
U0267,23,Other,India,Food,A0017,Food & Beverage,Instagram,Image,13,8,1,29.08,Sunday,Mobile,0.81,0.6153846153846154,0.125,46,668.8399999999999,1,1,0,1,1.8296073404123872
U0268,49,F,Canada,Fitness,A0018,Sportswear,Facebook,Carousel,14,7,0,26.93,Sunday,Mobile,0.35,0.5,0.0,49,1319.57,1,1,1,0,1.4722737302583548
U0269,20,M,Australia,Gaming,A0019,Electronics,Facebook,Image,8,7,1,28.78,Tuesday,Tablet,0.94,0.875,0.14285714285714285,20,575.6,0,0,1,0,1.6163480087429154
U0270,26,Other,Canada,Fashion,A0020,Sportswear,Facebook,Carousel,6,2,1,20.27,Saturday,Mobile,0.67,0.3333333333333333,0.5,26,527.02,1,1,1,0,0.00412665192162632
U0271,21,F,Australia,Fitness,A0021,Food & Beverage,Facebook,Video,11,1,0,1.03,Thursday,Mobile,0.05,0.09090909090909091,0.0,21,21.63,0,1,1,0,-1.6841417794762636
U0272,26,Other,UK,Travel,A0022,Food & Beverage,Instagram,Image,1,1,0,29.66,Thursday,Tablet,0.6,1.0,0.0,52,771.16,0,0,0,1,0.5455050275577707
U0273,26,F,USA,Fashion,A0023,Gadgets,Facebook,Carousel,13,1,1,11.66,Wednesday,Mobile,0.5,0.07692307692307693,1.0,26,303.16,0,1,1,0,-0.8562987631028168
U0274,42,M,Australia,Food,A0024,Apparel,Facebook,Carousel,10,0,0,3.05,Tuesday,Desktop,0.02,0.0,0.0,42,128.1,0,0,1,0,-1.71672417812726
U0275,40,Other,UK,Food,A0025,Food & Beverage,Facebook,Video,10,10,1,7.3,Monday,Mobile,0.94,1.0,0.1,40,292.0,0,1,1,0,0.513216624030001
U0276,25,Other,Australia,Gaming,A0026,Sportswear,Instagram,Video,13,2,1,19.69,Tuesday,Tablet,0.58,0.15384615384615385,0.5,50,492.25000000000006,0,0,0,1,-0.04104258133299248
U0277,56,Other,Australia,Travel,A0027,Sportswear,Facebook,Carousel,15,9,1,18.6,Tuesday,Tablet,0.79,0.6,0.1111111111111111,56,1041.6000000000001,0,0,1,0,1.2033419574529076
U0278,43,F,Australia,Tech,A0028,Apparel,Instagram,Video,2,0,0,2.5,Friday,Mobile,0.01,0.0,0.0,86,107.5,0,1,0,1,-1.759557071730778
U0279,51,M,Canada,Fitness,A0029,Apparel,Instagram,Carousel,7,5,0,6.01,Thursday,Mobile,0.39,0.7142857142857143,0.0,102,306.51,0,1,0,1,-0.5367256567596523
U0280,19,Other,USA,Tech,A0030,Sportswear,Facebook,Image,15,1,0,12.54,Wednesday,Tablet,0.1,0.06666666666666667,0.0,19,238.26,0,0,1,0,-0.7877661333371881
U0281,50,F,India,Food,A0031,Gadgets,Facebook,Carousel,9,8,0,9.05,Wednesday,Mobile,0.49,0.8888888888888888,0.0,50,452.50000000000006,0,1,1,0,0.2697112333606338
U0282,50,M,UK,Travel,A0032,Sportswear,Instagram,Carousel,11,10,0,2.92,Saturday,Desktop,0.47,0.9090909090909091,0.0,100,146.0,1,0,0,1,0.17211103496925806
U0283,33,M,UK,Tech,A0033,Gadgets,Facebook,Video,10,9,1,20.32,Saturday,Tablet,0.95,0.9,0.1111111111111111,33,670.5600000000001,1,0,1,0,1.3372920974493636
U0284,29,M,USA,Food,A0034,Apparel,Facebook,Image,8,5,0,23.71,Saturday,Desktop,0.41,0.625,0.0,29,687.59,1,0,1,0,0.8417147373899255
U0285,28,F,UK,Food,A0035,Sportswear,Facebook,Image,6,6,1,16.19,Wednesday,Tablet,0.98,1.0,0.16666666666666666,28,453.32000000000005,0,0,1,0,0.44596820000574233
U0286,54,Other,USA,Gaming,A0036,Gadgets,Instagram,Image,8,2,1,8.4,Monday,Tablet,0.57,0.25,0.5,108,453.6,0,0,0,1,-0.9202850700306611
U0287,25,M,Australia,Travel,A0037,Electronics,Facebook,Image,4,0,0,2.36,Thursday,Mobile,0.01,0.0,0.0,25,59.0,0,1,1,0,-1.7704599901025826
U0288,29,M,Germany,Food,A0038,Food & Beverage,Instagram,Image,6,1,1,21.89,Wednesday,Mobile,0.58,0.16666666666666666,1.0,58,634.8100000000001,0,1,0,1,-0.05960694207738292
U0289,54,F,USA,Travel,A0039,Food & Beverage,Facebook,Image,4,4,0,28.67,Monday,Desktop,0.6,1.0,0.0,54,1548.18,0,0,1,0,1.038093624546825
U0290,36,F,Canada,Tech,A0040,Luggage,Instagram,Image,6,1,1,23.75,Saturday,Tablet,0.58,0.16666666666666666,1.0,72,855.0,1,0,0,1,0.08524611629087776
U0291,33,F,Canada,Travel,A0041,Gadgets,Facebook,Carousel,15,7,1,28.04,Monday,Mobile,0.73,0.4666666666666667,0.14285714285714285,33,925.3199999999999,0,1,1,0,1.5587182973490912
U0292,52,F,Australia,Food,A0042,Electronics,Instagram,Image,13,10,1,22.4,Wednesday,Mobile,0.88,0.7692307692307693,0.1,104,1164.8,0,1,0,1,1.6891742484174936
U0293,31,Other,UK,Gaming,A0043,Gadgets,Facebook,Image,12,4,1,27.72,Sunday,Tablet,0.67,0.3333333333333333,0.25,31,859.3199999999999,1,0,1,0,0.9641095355952939
U0294,44,Other,Canada,Gaming,A0044,Food & Beverage,Facebook,Carousel,2,2,1,24.78,Monday,Tablet,1.0,1.0,0.5,44,1090.3200000000002,0,0,1,0,0.35535637947047366
U0295,54,M,India,Food,A0045,Apparel,Facebook,Video,5,2,0,12.4,Sunday,Tablet,0.26,0.4,0.0,54,669.6,1,0,1,0,-0.6087731165505305
U0296,38,F,India,Fitness,A0046,Apparel,Facebook,Image,3,0,0,0.78,Tuesday,Desktop,0.0,0.0,0.0,38,29.64,0,0,1,0,-1.8935072117272342
U0297,47,F,India,Tech,A0047,Luggage,Instagram,Image,8,4,1,25.72,Monday,Mobile,0.75,0.5,0.25,94,1208.84,0,1,0,1,0.8083535588552286
U0298,37,Other,Australia,Travel,A0048,Electronics,Facebook,Video,3,0,0,3.56,Wednesday,Desktop,0.02,0.0,0.0,37,131.72,0,0,1,0,-1.6770064040585433
U0299,50,M,Australia,Fitness,A0049,Sportswear,Facebook,Image,7,7,0,16.95,Monday,Desktop,0.58,1.0,0.0,50,847.5,0,0,1,0,0.6950514063254292
U0300,24,M,USA,Tech,A0050,Electronics,Facebook,Image,4,3,1,19.28,Saturday,Mobile,0.87,0.75,0.3333333333333333,24,462.72,1,1,1,0,0.11692337859375641
U0301,55,Other,Canada,Tech,A0001,Electronics,Facebook,Image,15,14,0,3.67,Sunday,Desktop,0.49,0.9333333333333333,0.0,55,201.85,1,0,1,0,0.9901032668806315
U0302,25,M,India,Tech,A0002,Apparel,Instagram,Carousel,7,7,1,20.81,Tuesday,Desktop,1.0,1.0,0.14285714285714285,50,520.25,0,0,0,1,0.9956604414337552
U0303,31,M,Canada,Fitness,A0003,Gadgets,Facebook,Image,10,9,0,19.77,Thursday,Desktop,0.55,0.9,0.0,31,612.87,0,0,1,0,1.2944592038458456
U0304,53,F,USA,Tech,A0004,Sportswear,Instagram,Image,7,3,0,24.12,Tuesday,Tablet,0.31,0.42857142857142855,0.0,106,1278.3600000000001,0,0,0,1,0.4938528423047143
U0305,52,M,India,Food,A0005,Sportswear,Instagram,Carousel,13,7,1,17.4,Wednesday,Desktop,0.76,0.5384615384615384,0.14285714285714285,104,904.8,0,0,0,1,0.7300965010919438
U0306,35,M,USA,Fitness,A0006,Luggage,Facebook,Image,15,8,1,29.75,Friday,Desktop,0.77,0.5333333333333333,0.125,35,1041.25,0,0,1,0,1.8817855926203093
U0307,55,M,UK,Tech,A0007,Apparel,Facebook,Video,9,0,0,3.82,Tuesday,Tablet,0.02,0.0,0.0,55,210.1,0,0,1,0,-1.656758127082335
U0308,42,F,UK,Fashion,A0008,Apparel,Instagram,Carousel,12,5,0,1.82,Saturday,Desktop,0.22,0.4166666666666667,0.0,84,76.44,1,0,0,1,-0.863034428030089
U0309,54,Other,UK,Travel,A0009,Apparel,Instagram,Carousel,5,1,1,3.62,Tuesday,Tablet,0.52,0.2,1.0,108,195.48000000000002,0,0,0,1,-1.4824377895978793
U0310,32,M,Germany,Gaming,A0010,Electronics,Instagram,Carousel,4,1,1,6.15,Sunday,Desktop,0.56,0.25,1.0,64,196.8,1,0,0,1,-1.2854064790216966
U0311,21,M,UK,Travel,A0011,Food & Beverage,Facebook,Image,14,8,0,28.86,Wednesday,Tablet,0.39,0.5714285714285714,0.0,21,606.06,0,0,1,0,1.8124741829709803
U0312,60,F,Germany,Tech,A0012,Sportswear,Instagram,Video,3,1,0,13.67,Saturday,Desktop,0.24,0.3333333333333333,0.0,120,820.2,1,0,0,1,-0.6997640064790512
U0313,59,F,UK,Food,A0013,Luggage,Instagram,Image,11,9,0,11.97,Saturday,Tablet,0.47,0.8181818181818182,0.0,118,706.23,1,0,0,1,0.6870108945595912
U0314,36,M,UK,Food,A0014,Electronics,Instagram,Carousel,1,0,0,3.01,Sunday,Tablet,0.02,0.0,0.0,72,108.35999999999999,1,0,0,1,-1.7198392976620613
U0315,32,Other,Germany,Tech,A0015,Gadgets,Facebook,Video,12,1,1,29.49,Tuesday,Tablet,0.54,0.08333333333333333,1.0,32,943.68,0,0,1,0,0.532265769534865
U0316,23,Other,Australia,Food,A0016,Food & Beverage,Instagram,Video,1,1,1,21.1,Wednesday,Desktop,1.0,1.0,1.0,46,485.3,0,0,0,1,-0.12113055288970863
U0317,24,Other,USA,Tech,A0017,Gadgets,Instagram,Carousel,7,2,0,15.3,Thursday,Desktop,0.22,0.2857142857142857,0.0,48,367.20000000000005,0,0,0,1,-0.3829269502774358
U0318,52,F,USA,Gaming,A0018,Luggage,Facebook,Image,8,1,0,1.97,Monday,Desktop,0.07,0.125,0.0,52,102.44,0,0,1,0,-1.610936470408433
U0319,34,M,USA,Fitness,A0019,Apparel,Instagram,Image,12,1,0,27.05,Monday,Desktop,0.14,0.08333333333333333,0.0,68,919.7,0,0,0,1,0.3422434779119855
U0320,56,Other,India,Food,A0020,Electronics,Instagram,Carousel,3,3,1,3.94,Tuesday,Mobile,0.92,1.0,0.3333333333333333,112,220.64,0,1,0,1,-1.0777249630025445
U0321,44,Other,Germany,Food,A0021,Food & Beverage,Instagram,Carousel,5,2,1,2.44,Friday,Tablet,0.61,0.4,0.5,88,107.36,0,0,0,1,-1.3844378807160556
U0322,49,M,USA,Fitness,A0022,Electronics,Instagram,Image,5,5,0,14.93,Monday,Mobile,0.57,1.0,0.0,98,731.5699999999999,0,1,0,1,0.15794599950103883
U0323,31,M,Australia,Fitness,A0023,Electronics,Instagram,Image,5,3,1,26.95,Wednesday,Mobile,0.8,0.6,0.3333333333333333,62,835.4499999999999,0,1,0,1,0.7142475493919065
U0324,59,Other,India,Fashion,A0024,Sportswear,Instagram,Video,3,3,1,13.75,Wednesday,Mobile,0.97,1.0,0.3333333333333333,118,811.25,0,1,0,1,-0.31374189709252415
U0325,35,Other,USA,Fashion,A0025,Food & Beverage,Facebook,Image,11,5,0,13.01,Sunday,Tablet,0.29,0.45454545454545453,0.0,35,455.34999999999997,1,0,1,0,0.008420261830576184
U0326,32,Other,USA,Gaming,A0026,Luggage,Instagram,Carousel,11,7,0,7.83,Wednesday,Mobile,0.36,0.6363636363636364,0.0,64,250.56,0,1,0,1,-0.01519584760926839
U0327,43,Other,USA,Travel,A0027,Luggage,Facebook,Image,13,7,1,29.55,Tuesday,Mobile,0.77,0.5384615384615384,0.14285714285714285,43,1270.65,0,1,1,0,1.6763140597878405
U0328,26,M,India,Tech,A0028,Food & Beverage,Instagram,Image,14,10,1,18.26,Wednesday,Tablet,0.85,0.7142857142857143,0.1,52,474.76000000000005,0,0,0,1,1.3667593765655588
U0329,22,M,India,Travel,A0029,Gadgets,Instagram,Video,9,7,0,1.36,Saturday,Tablet,0.4,0.7777777777777778,0.0,44,29.92,1,0,0,1,-0.5190664323633796
U0330,55,Other,India,Tech,A0030,Gadgets,Facebook,Image,10,9,0,28.98,Monday,Mobile,0.55,0.9,0.0,55,1593.9,0,1,1,0,2.0117154767338468
U0331,54,M,Canada,Travel,A0031,Sportswear,Instagram,Video,7,7,0,14.72,Tuesday,Desktop,0.57,1.0,0.0,108,794.88,0,0,0,1,0.5213834922602565
U0332,43,M,Germany,Travel,A0032,Food & Beverage,Instagram,Image,7,5,0,2.43,Thursday,Desktop,0.37,0.7142857142857143,0.0,86,104.49000000000001,0,0,0,1,-0.8155288551243691
U0333,41,M,Canada,Fitness,A0033,Sportswear,Instagram,Video,14,11,0,29.2,Tuesday,Mobile,0.49,0.7857142857142857,0.0,82,1197.2,0,1,0,1,2.4086405044921784
U0334,37,Other,India,Fitness,A0034,Sportswear,Instagram,Carousel,11,1,1,7.13,Sunday,Desktop,0.48,0.09090909090909091,1.0,74,263.81,1,0,0,1,-1.2090860504190648
U0335,49,Other,Canada,Tech,A0035,Luggage,Facebook,Image,5,5,0,4.93,Sunday,Tablet,0.52,1.0,0.0,49,241.57,1,0,1,0,-0.6208338841992875
U0336,54,M,UK,Fashion,A0036,Apparel,Facebook,Image,1,1,1,11.45,Tuesday,Desktop,0.96,1.0,1.0,54,618.3,0,0,1,0,-0.8726531406605238
U0337,41,F,Germany,Gaming,A0037,Food & Beverage,Facebook,Carousel,1,0,0,1.86,Friday,Desktop,0.01,0.0,0.0,41,76.26,0,0,1,0,-1.809398984287599
U0338,29,F,Germany,Travel,A0038,Sportswear,Instagram,Image,14,14,1,25.1,Monday,Desktop,1.0,1.0,0.07142857142857142,58,727.9000000000001,0,0,0,1,2.6590285576504313
U0339,19,F,USA,Fashion,A0039,Luggage,Facebook,Image,11,3,0,8.8,Thursday,Tablet,0.18,0.2727272727272727,0.0,19,167.20000000000002,0,0,1,0,-0.6992379395241857
U0340,19,Other,USA,Gaming,A0040,Apparel,Facebook,Carousel,13,0,0,1.12,Friday,Desktop,0.01,0.0,0.0,19,21.28,0,0,1,0,-1.867028695681423
U0341,59,F,India,Gaming,A0041,Sportswear,Instagram,Video,4,3,1,16.1,Friday,Desktop,0.86,0.75,0.3333333333333333,118,949.9000000000001,0,0,0,1,-0.13072862442294736
U0342,55,M,USA,Travel,A0042,Food & Beverage,Instagram,Carousel,11,9,0,9.66,Monday,Desktop,0.46,0.8181818181818182,0.0,110,531.3,0,0,0,1,0.5071127414248158
U0343,22,F,Canada,Food,A0043,Sportswear,Instagram,Video,11,11,0,19.89,Tuesday,Mobile,0.6,1.0,0.0,44,437.58000000000004,0,1,0,1,1.6835964327671744
U0344,51,M,USA,Travel,A0044,Gadgets,Instagram,Carousel,3,0,0,3.28,Wednesday,Desktop,0.02,0.0,0.0,102,167.28,0,0,0,1,-1.6988122408021527
U0345,44,F,India,Food,A0045,Electronics,Facebook,Video,12,11,1,16.5,Sunday,Desktop,0.94,0.9166666666666666,0.09090909090909091,44,726.0,1,0,1,0,1.4195900521927636
U0346,60,F,Germany,Fitness,A0046,Apparel,Facebook,Video,2,1,1,8.5,Sunday,Tablet,0.69,0.5,1.0,60,510.0,1,0,1,0,-1.10239320635212
U0347,29,Other,Canada,Food,A0047,Electronics,Facebook,Video,4,2,1,26.72,Wednesday,Desktop,0.75,0.5,0.5,29,774.88,0,0,1,0,0.5064396769083368
U0348,55,F,India,Tech,A0048,Gadgets,Facebook,Carousel,10,9,0,3.07,Tuesday,Tablet,0.47,0.9,0.0,55,168.85,0,0,1,0,-0.006103201933699279
U0349,25,Other,India,Travel,A0049,Sportswear,Instagram,Image,14,13,1,29.78,Wednesday,Desktop,0.96,0.9285714285714286,0.07692307692307693,50,744.5,0,0,0,1,2.833601608063722
U0350,54,F,UK,Fitness,A0050,Food & Beverage,Facebook,Image,8,5,0,6.13,Saturday,Mobile,0.34,0.625,0.0,54,331.02,1,1,1,0,-0.5273802981552485
U0351,18,F,Canada,Fashion,A0001,Apparel,Facebook,Video,13,12,0,4.75,Thursday,Tablet,0.49,0.9230769230769231,0.0,18,85.5,0,0,1,0,0.6944196240033423
U0352,45,F,India,Gaming,A0002,Gadgets,Facebook,Image,9,3,0,28.55,Wednesday,Tablet,0.27,0.3333333333333333,0.0,45,1284.75,0,0,1,0,0.8388523307839588
U0353,30,M,Australia,Tech,A0003,Food & Beverage,Facebook,Image,12,5,1,3.98,Friday,Tablet,0.63,0.4166666666666667,0.2,30,119.4,0,0,1,0,-0.6948179731508185
U0354,37,M,USA,Tech,A0004,Sportswear,Instagram,Video,12,8,0,10.8,Saturday,Mobile,0.39,0.6666666666666666,0.0,74,399.6,1,1,0,1,0.4059977130081909
U0355,39,F,Canada,Fashion,A0005,Apparel,Instagram,Image,4,1,0,4.8,Saturday,Mobile,0.15,0.25,0.0,78,187.2,1,1,0,1,-1.3905417633212407
U0356,55,Other,UK,Tech,A0006,Sportswear,Facebook,Video,15,8,0,19.07,Friday,Mobile,0.36,0.5333333333333333,0.0,55,1048.85,0,1,1,0,1.0500486768283606
U0357,60,M,Australia,Tech,A0007,Electronics,Facebook,Video,8,6,1,8.33,Saturday,Mobile,0.82,0.75,0.16666666666666666,60,499.8,1,1,1,0,-0.16615278858271432
U0358,31,Other,Australia,Food,A0008,Electronics,Instagram,Video,11,1,0,8.83,Friday,Tablet,0.09,0.09090909090909091,0.0,62,273.73,0,0,0,1,-1.0766934701900093
U0359,26,F,USA,Travel,A0009,Food & Beverage,Facebook,Video,2,0,0,2.49,Friday,Mobile,0.01,0.0,0.0,26,64.74000000000001,0,1,1,0,-1.7603358516144783
U0360,34,Other,UK,Fitness,A0010,Food & Beverage,Instagram,Video,3,0,0,2.74,Tuesday,Tablet,0.01,0.0,0.0,68,93.16000000000001,0,0,0,1,-1.7408663545219702
U0361,48,F,UK,Tech,A0011,Electronics,Facebook,Image,14,9,0,5.33,Monday,Tablet,0.35,0.6428571428571429,0.0,48,255.84,0,0,1,0,0.16990105178257442
U0362,22,Other,Australia,Tech,A0012,Sportswear,Facebook,Video,5,2,1,3.89,Tuesday,Mobile,0.62,0.4,0.5,22,85.58,0,1,1,0,-1.2715147975795082
U0363,36,F,Australia,Fitness,A0013,Gadgets,Facebook,Image,14,12,0,1.28,Tuesday,Tablet,0.43,0.8571428571428571,0.0,36,46.08,0,0,1,0,0.424183004359329
U0364,59,M,Canada,Fitness,A0014,Gadgets,Instagram,Carousel,2,1,0,6.3,Thursday,Desktop,0.28,0.5,0.0,118,371.7,0,0,0,1,-1.2737247807661918
U0365,47,F,India,Food,A0015,Gadgets,Instagram,Carousel,15,5,1,21.19,Monday,Mobile,0.67,0.3333333333333333,0.2,94,995.9300000000001,0,1,0,1,0.6454622066974431
U0366,24,F,Germany,Gaming,A0016,Luggage,Instagram,Image,10,6,0,18.73,Sunday,Tablet,0.39,0.6,0.0,48,449.52,1,0,0,1,0.6437782904656251
U0367,26,F,India,Tech,A0017,Gadgets,Instagram,Image,2,1,0,1.36,Sunday,Tablet,0.26,0.5,0.0,52,35.36,1,0,0,1,-1.658442043314153
U0368,51,Other,Germany,Food,A0018,Luggage,Facebook,Carousel,14,5,0,20.96,Friday,Mobile,0.28,0.35714285714285715,0.0,51,1068.96,0,1,1,0,0.6275502693723356
U0369,45,Other,Australia,Fashion,A0019,Gadgets,Instagram,Carousel,11,10,1,25.33,Friday,Tablet,0.95,0.9090909090909091,0.1,90,1139.85,0,0,0,1,1.9173567543416892
U0370,21,M,Australia,Fashion,A0020,Luggage,Instagram,Video,14,2,1,15.26,Tuesday,Desktop,0.55,0.14285714285714285,0.5,42,320.46,0,0,0,1,-0.38604206981223715
U0371,35,M,Germany,Fashion,A0021,Luggage,Instagram,Video,14,3,1,13.88,Friday,Desktop,0.58,0.21428571428571427,0.3333333333333333,70,485.8,0,0,0,1,-0.30361775860441986
U0372,23,F,India,Fitness,A0022,Electronics,Instagram,Carousel,11,0,0,0.51,Thursday,Mobile,0.0,0.0,0.0,46,11.73,0,1,0,1,-1.914534268587143
U0373,53,Other,USA,Tech,A0023,Luggage,Instagram,Carousel,9,3,0,14.23,Wednesday,Desktop,0.24,0.3333333333333333,0.0,106,754.19,0,0,0,1,-0.27636046267490844
U0374,21,M,India,Fitness,A0024,Luggage,Instagram,Carousel,11,5,0,4.31,Sunday,Tablet,0.25,0.45454545454545453,0.0,42,90.50999999999999,1,0,0,1,-0.6691182369887079
U0375,32,M,Canada,Fitness,A0025,Food & Beverage,Instagram,Carousel,9,5,0,2.33,Tuesday,Desktop,0.29,0.5555555555555556,0.0,64,74.56,0,0,0,1,-0.8233166539613724
U0376,26,Other,Australia,Food,A0026,Gadgets,Facebook,Video,10,3,1,27.98,Thursday,Mobile,0.65,0.3,0.3333333333333333,26,727.48,0,1,1,0,0.7944618774130401
U0377,47,M,Australia,Fitness,A0027,Electronics,Instagram,Image,15,3,0,14.06,Saturday,Tablet,0.17,0.2,0.0,94,660.82,1,0,0,1,-0.289599720697814
U0378,50,M,India,Tech,A0028,Luggage,Facebook,Carousel,15,13,0,15.01,Friday,Mobile,0.51,0.8666666666666667,0.0,50,750.5,0,1,1,0,1.6833437198383392
U0379,55,M,Australia,Fashion,A0029,Electronics,Instagram,Carousel,10,9,0,15.62,Thursday,Desktop,0.53,0.9,0.0,110,859.0999999999999,0,0,0,1,0.9712655521102102
U0380,56,Other,UK,Fitness,A0030,Gadgets,Instagram,Video,8,2,1,18.47,Saturday,Tablet,0.62,0.25,0.5,112,1034.32,1,0,0,1,-0.13605372714443248
U0381,37,Other,Germany,Fitness,A0031,Food & Beverage,Facebook,Image,4,4,0,20.91,Saturday,Mobile,0.6,1.0,0.0,37,773.67,1,1,1,0,0.4337604347953718
U0382,59,M,Germany,Travel,A0032,Food & Beverage,Instagram,Carousel,2,1,0,17.9,Saturday,Tablet,0.34,0.5,0.0,118,1056.1,1,0,0,1,-0.3703401156738133
U0383,44,Other,Australia,Travel,A0033,Sportswear,Instagram,Image,9,1,1,5.21,Saturday,Mobile,0.48,0.1111111111111111,1.0,88,229.24,1,1,0,1,-1.3586117880895272
U0384,30,F,UK,Fitness,A0034,Food & Beverage,Instagram,Image,14,0,0,3.45,Wednesday,Mobile,0.02,0.0,0.0,60,103.5,0,1,0,1,-1.6855729827792472
U0385,52,M,Canada,Gaming,A0035,Electronics,Facebook,Carousel,11,8,1,15.82,Sunday,Tablet,0.84,0.7272727272727273,0.125,52,822.64,1,0,1,0,0.7969452146257546
U0386,36,Other,Australia,Tech,A0036,Gadgets,Instagram,Video,13,10,1,17.01,Monday,Tablet,0.87,0.7692307692307693,0.1,72,612.36,0,0,0,1,1.269411891103018
U0387,34,M,Germany,Gaming,A0037,Apparel,Instagram,Carousel,9,9,1,22.02,Tuesday,Desktop,1.0,1.0,0.1111111111111111,68,748.68,0,0,0,1,1.469684677678419
U0388,46,M,Australia,Tech,A0038,Apparel,Facebook,Carousel,9,1,1,13.43,Friday,Desktop,0.52,0.1111111111111111,1.0,46,617.78,0,0,1,0,-0.7184547236878591
U0389,26,M,Germany,Fitness,A0039,Electronics,Instagram,Video,12,2,1,27.93,Friday,Mobile,0.58,0.16666666666666666,0.5,52,726.18,0,1,0,1,0.6006720428360763
U0390,58,Other,Australia,Fitness,A0040,Gadgets,Instagram,Image,13,11,1,7.38,Tuesday,Tablet,0.86,0.8461538461538461,0.09090909090909091,116,428.04,0,0,0,1,0.709342798258066
U0391,22,Other,UK,Gaming,A0041,Luggage,Instagram,Image,6,1,0,20.24,Wednesday,Desktop,0.18,0.16666666666666666,0.0,44,445.28,0,0,0,1,-0.18810562288793697
U0392,36,M,Germany,Travel,A0042,Gadgets,Facebook,Image,11,5,1,27.23,Friday,Tablet,0.73,0.45454545454545453,0.2,36,980.28,0,0,1,0,1.1158452564524401
U0393,33,M,Australia,Fitness,A0043,Gadgets,Facebook,Video,5,4,0,1.72,Friday,Desktop,0.41,0.8,0.0,33,56.76,0,0,1,0,-1.0607181620255544
U0394,50,Other,India,Gaming,A0044,Electronics,Instagram,Carousel,4,2,0,28.5,Tuesday,Tablet,0.35,0.5,0.0,100,1425.0,0,0,0,1,0.6450624962069951
U0395,52,M,Australia,Tech,A0045,Apparel,Facebook,Carousel,7,1,1,25.03,Saturday,Desktop,0.57,0.14285714285714285,1.0,52,1301.56,1,0,1,0,0.18492994140451968
U0396,59,M,Australia,Food,A0046,Apparel,Facebook,Video,12,5,1,3.12,Tuesday,Desktop,0.62,0.4166666666666667,0.2,59,184.08,0,0,1,0,-0.7617930431490465
U0397,53,M,Germany,Fashion,A0047,Sportswear,Instagram,Video,8,6,1,1.49,Saturday,Mobile,0.78,0.75,0.16666666666666666,106,78.97,1,1,0,1,-0.6988382290337375
U0398,52,M,Australia,Food,A0048,Luggage,Facebook,Carousel,10,0,0,3.5,Monday,Desktop,0.02,0.0,0.0,52,182.0,0,0,1,0,-1.6816790833607456
U0399,50,M,Canada,Food,A0049,Sportswear,Facebook,Video,13,7,1,24.84,Monday,Desktop,0.77,0.5384615384615384,0.14285714285714285,50,1242.0,0,0,1,0,1.3095087345649867
U0400,28,Other,UK,Fashion,A0050,Food & Beverage,Instagram,Carousel,5,5,1,20.64,Sunday,Tablet,1.0,1.0,0.2,56,577.9200000000001,1,0,0,1,0.6026293130939252
U0401,59,F,USA,Travel,A0001,Luggage,Facebook,Image,1,0,0,2.86,Thursday,Tablet,0.01,0.0,0.0,59,168.73999999999998,0,0,1,0,-1.7315209959175664
U0402,53,M,Canada,Fashion,A0002,Food & Beverage,Instagram,Image,7,2,1,7.4,Sunday,Desktop,0.58,0.2857142857142857,0.5,106,392.20000000000005,1,0,0,1,-0.9981630584006937
U0403,30,M,UK,Food,A0003,Luggage,Facebook,Carousel,8,8,1,20.48,Wednesday,Mobile,1.0,1.0,0.125,30,614.4,0,1,1,0,1.1598566404301067
U0404,30,Other,Germany,Gaming,A0004,Sportswear,Instagram,Image,11,10,1,9.27,Monday,Mobile,0.9,0.9090909090909091,0.1,60,278.09999999999997,0,1,0,1,0.6666362611189652
U0405,38,F,India,Fitness,A0005,Luggage,Instagram,Carousel,10,2,0,11.57,Wednesday,Desktop,0.16,0.2,0.0,76,439.66,0,0,0,1,-0.6734118468976575
U0406,28,M,Canada,Fashion,A0006,Apparel,Instagram,Video,14,5,1,22.26,Thursday,Desktop,0.68,0.35714285714285715,0.2,56,623.2800000000001,0,0,0,1,0.7287916542533782
U0407,46,F,Canada,Gaming,A0007,Luggage,Facebook,Image,11,9,1,9.14,Sunday,Mobile,0.85,0.8181818181818182,0.1111111111111111,46,420.44000000000005,1,1,1,0,0.4666161874723988
U0408,52,M,Canada,Food,A0008,Food & Beverage,Facebook,Carousel,2,0,0,4.25,Saturday,Mobile,0.02,0.0,0.0,52,221.0,1,1,1,0,-1.623270592083221
U0409,55,Other,India,Travel,A0009,Apparel,Facebook,Carousel,5,4,0,16.65,Saturday,Mobile,0.48,0.8,0.0,55,915.7499999999999,1,1,1,0,0.10200020433903262
U0410,41,F,UK,Travel,A0010,Food & Beverage,Instagram,Image,8,8,0,12.51,Friday,Mobile,0.56,1.0,0.0,82,512.91,0,1,0,1,0.5391690731209466
U0411,60,M,Germany,Food,A0011,Apparel,Facebook,Video,3,1,0,17.41,Sunday,Mobile,0.25,0.3333333333333333,0.0,60,1044.6,1,1,1,0,-0.40850032997512914
U0412,48,F,USA,Fashion,A0012,Gadgets,Facebook,Image,5,2,1,20.39,Friday,Desktop,0.7,0.4,0.5,48,978.72,0,0,1,0,0.013472010526030318
U0413,42,F,India,Tech,A0013,Electronics,Instagram,Image,12,8,0,8.93,Saturday,Desktop,0.38,0.6666666666666666,0.0,84,375.06,1,0,0,1,0.2603658747562298
U0414,55,Other,Germany,Fashion,A0014,Gadgets,Instagram,Video,10,10,0,3.26,Wednesday,Desktop,0.52,1.0,0.0,110,179.29999999999998,0,0,0,1,0.19858955101506914
U0415,32,Other,India,Fitness,A0015,Sportswear,Instagram,Video,15,0,0,2.51,Tuesday,Desktop,0.01,0.0,0.0,64,80.32,0,0,0,1,-1.7587782918470778
U0416,28,M,USA,Travel,A0016,Food & Beverage,Instagram,Image,3,1,1,18.46,Sunday,Mobile,0.66,0.3333333333333333,1.0,56,516.88,1,1,0,1,-0.32672844218659486
U0417,60,M,India,Fitness,A0017,Food & Beverage,Facebook,Video,11,7,1,18.13,Saturday,Desktop,0.81,0.6363636363636364,0.14285714285714285,60,1087.8,1,0,1,0,0.7869474326020677
U0418,19,M,USA,Fashion,A0018,Luggage,Facebook,Image,11,8,1,17.6,Monday,Mobile,0.85,0.7272727272727273,0.125,19,334.40000000000003,0,1,1,0,0.9355680339244128
U0419,34,M,Germany,Gaming,A0019,Luggage,Facebook,Carousel,12,10,0,28.47,Tuesday,Desktop,0.52,0.8333333333333334,0.0,34,967.98,0,0,1,0,2.1618936378235922
U0420,56,F,India,Fashion,A0020,Apparel,Instagram,Carousel,3,1,0,15.81,Tuesday,Tablet,0.25,0.3333333333333333,0.0,112,885.36,0,0,0,1,-0.5331051113671813
U0421,39,F,Germany,Travel,A0021,Electronics,Facebook,Video,7,2,1,6.87,Sunday,Tablet,0.58,0.2857142857142857,0.5,39,267.93,1,0,1,0,-1.039438392236811
U0422,44,M,Germany,Tech,A0022,Apparel,Instagram,Carousel,10,0,0,4.39,Friday,Tablet,0.02,0.0,0.0,88,193.16,0,0,0,1,-1.612367673711416
U0423,25,M,India,Food,A0023,Apparel,Facebook,Carousel,11,6,0,11.74,Monday,Tablet,0.33,0.5454545454545454,0.0,25,293.5,0,0,1,0,0.099411151759097
U0424,51,F,UK,Gaming,A0024,Gadgets,Instagram,Carousel,13,11,0,25.28,Friday,Mobile,0.52,0.8461538461538461,0.0,102,1289.28,0,1,0,1,2.1033587900816504
U0425,45,M,Canada,Gaming,A0025,Apparel,Facebook,Video,10,8,1,6.48,Saturday,Tablet,0.83,0.8,0.125,45,291.6,1,0,1,0,0.06956480324964988
U0426,18,Other,Germany,Tech,A0026,Luggage,Facebook,Video,11,3,0,10.16,Wednesday,Mobile,0.19,0.2727272727272727,0.0,18,182.88,0,1,1,0,-0.5933238753409413
U0427,27,F,Australia,Travel,A0027,Sportswear,Instagram,Carousel,7,5,0,29.76,Thursday,Mobile,0.46,0.7142857142857143,0.0,54,803.5200000000001,0,1,0,1,1.3128765670286229
U0428,44,Other,Germany,Gaming,A0028,Apparel,Instagram,Carousel,9,7,1,9.89,Wednesday,Tablet,0.84,0.7777777777777778,0.14285714285714285,88,435.16,0,0,0,1,0.1452328084329989
U0429,43,Other,UK,Food,A0029,Electronics,Facebook,Video,13,11,0,3.91,Friday,Desktop,0.44,0.8461538461538461,0.0,43,168.13,0,0,1,0,0.43910617861405277
U0430,39,Other,Germany,Food,A0030,Food & Beverage,Facebook,Image,7,0,0,4.02,Sunday,Mobile,0.02,0.0,0.0,39,156.77999999999997,1,1,1,0,-1.6411825294083286
U0431,48,Other,India,Tech,A0031,Electronics,Instagram,Image,6,0,0,3.05,Saturday,Desktop,0.02,0.0,0.0,96,146.39999999999998,1,0,0,1,-1.71672417812726
U0432,43,Other,Australia,Travel,A0032,Sportswear,Facebook,Image,11,7,1,6.85,Saturday,Tablet,0.75,0.6363636363636364,0.14285714285714285,43,294.55,1,0,1,0,-0.09151627621190038
U0433,36,M,USA,Travel,A0033,Luggage,Facebook,Carousel,3,0,0,1.8,Saturday,Mobile,0.01,0.0,0.0,36,64.8,1,1,1,0,-1.8140716635898009
U0434,28,M,Canada,Gaming,A0034,Sportswear,Instagram,Video,10,3,0,22.37,Monday,Mobile,0.25,0.3,0.0,56,626.36,0,1,0,1,0.3575663626571573
U0435,53,F,Australia,Travel,A0035,Luggage,Instagram,Video,14,4,1,28.93,Thursday,Desktop,0.64,0.2857142857142857,0.25,106,1533.29,0,0,0,1,1.0583419015230335
U0436,54,M,Canada,Fashion,A0036,Gadgets,Facebook,Carousel,2,2,1,28.46,Sunday,Tablet,1.0,1.0,0.5,54,1536.8400000000001,1,0,1,0,0.6419473766721937
U0437,34,Other,Germany,Fitness,A0037,Food & Beverage,Instagram,Video,10,7,0,22.97,Sunday,Desktop,0.45,0.7,0.0,68,780.98,1,0,0,1,1.1638768963130257
U0438,47,Other,USA,Gaming,A0038,Electronics,Instagram,Image,7,3,0,7.67,Wednesday,Desktop,0.25,0.42857142857142855,0.0,94,360.49,0,0,0,1,-0.7872400663823227
U0439,40,Other,Germany,Tech,A0039,Food & Beverage,Instagram,Image,5,0,0,1.99,Saturday,Desktop,0.01,0.0,0.0,80,79.6,1,0,0,1,-1.7992748457994947
U0440,22,Other,UK,Gaming,A0040,Sportswear,Instagram,Image,15,8,1,22.64,Tuesday,Desktop,0.77,0.5333333333333333,0.125,44,498.08000000000004,0,0,0,1,1.3280730953093773
U0441,30,M,Australia,Fashion,A0041,Sportswear,Facebook,Image,4,1,0,11.32,Sunday,Mobile,0.18,0.25,0.0,30,339.6,1,1,1,0,-0.8827772791486279
U0442,25,M,Australia,Food,A0042,Gadgets,Facebook,Carousel,1,1,1,10.15,Friday,Desktop,0.95,1.0,1.0,25,253.75,0,0,1,0,-0.9738945255415661
U0443,49,M,Germany,Fitness,A0043,Gadgets,Facebook,Carousel,3,0,0,2.63,Thursday,Desktop,0.01,0.0,0.0,49,128.87,0,0,1,0,-1.749432933242674
U0444,52,M,Germany,Fitness,A0044,Gadgets,Facebook,Video,2,2,0,10.15,Monday,Mobile,0.55,1.0,0.0,52,527.8000000000001,0,1,1,0,-0.7839985903831039
U0445,31,F,Germany,Tech,A0045,Sportswear,Instagram,Carousel,14,4,1,8.62,Wednesday,Desktop,0.59,0.2857142857142857,0.25,62,267.21999999999997,0,0,0,1,-0.5233600422723294
U0446,57,F,Canada,Fashion,A0046,Gadgets,Instagram,Image,7,5,1,12.62,Thursday,Mobile,0.82,0.7142857142857143,0.2,114,719.3399999999999,0,1,0,1,-0.021952153633736586
U0447,54,M,Germany,Food,A0047,Apparel,Facebook,Carousel,5,1,0,25.83,Tuesday,Mobile,0.2,0.2,0.0,54,1394.82,0,1,1,0,0.2472323321005454
U0448,27,F,USA,Fashion,A0048,Gadgets,Instagram,Image,15,10,0,9.7,Friday,Tablet,0.38,0.6666666666666666,0.0,54,261.9,0,0,0,1,0.7001237961180793
U0449,21,F,USA,Food,A0049,Apparel,Facebook,Image,14,4,1,19.27,Thursday,Tablet,0.64,0.2857142857142857,0.25,21,404.67,0,0,1,0,0.3060405338685182
U0450,39,F,Canada,Fitness,A0050,Luggage,Instagram,Video,1,1,1,26.15,Friday,Mobile,1.0,1.0,1.0,78,1019.8499999999999,0,1,0,1,0.2721532883789559
U0451,54,Other,Australia,Food,A0001,Luggage,Facebook,Video,6,2,0,15.14,Saturday,Desktop,0.24,0.3333333333333333,0.0,54,817.5600000000001,1,0,1,0,-0.395387428416641
U0452,23,F,Germany,Fitness,A0002,Gadgets,Facebook,Image,11,5,1,18.76,Thursday,Mobile,0.72,0.45454545454545453,0.2,23,431.48,0,1,1,0,0.45621869495826395
U0453,23,M,Canada,Fashion,A0003,Sportswear,Instagram,Carousel,5,5,1,19.69,Wednesday,Desktop,1.0,1.0,0.2,46,452.87,0,0,0,1,0.5286452241423942
U0454,41,Other,Germany,Travel,A0004,Gadgets,Instagram,Image,3,0,0,0.63,Tuesday,Tablet,0.0,0.0,0.0,82,25.830000000000002,0,0,0,1,-1.905188909982739
U0455,34,Other,Australia,Food,A0005,Electronics,Facebook,Image,7,1,1,28.17,Thursday,Tablet,0.57,0.14285714285714285,1.0,34,957.7800000000001,0,0,1,0,0.42946682488642207
U0456,21,M,India,Travel,A0006,Electronics,Facebook,Video,10,2,1,28.02,Thursday,Desktop,0.6,0.2,0.5,21,588.42,0,0,1,0,0.6076810617893793
U0457,32,M,Australia,Fitness,A0007,Gadgets,Facebook,Image,9,2,1,20.24,Sunday,Desktop,0.61,0.2222222222222222,0.5,32,647.68,1,0,1,0,0.0017903122705252373
U0458,48,F,Germany,Fitness,A0008,Luggage,Instagram,Image,12,8,1,18.33,Saturday,Tablet,0.82,0.6666666666666666,0.125,96,879.8399999999999,1,0,0,1,0.9924189654345364
U0459,58,Other,India,Travel,A0009,Food & Beverage,Instagram,Video,8,8,1,3.6,Wednesday,Desktop,0.92,1.0,0.125,116,208.8,0,0,0,1,-0.15472380325604418
U0460,44,F,UK,Fitness,A0010,Electronics,Facebook,Carousel,14,12,0,10.97,Thursday,Tablet,0.48,0.8571428571428571,0.0,44,482.68,0,0,1,0,1.1788207116649454
U0461,18,Other,India,Gaming,A0011,Sportswear,Facebook,Video,13,4,0,24.11,Friday,Desktop,0.25,0.3076923076923077,0.0,18,433.98,0,0,1,0,0.6829699975794762
U0462,30,F,Germany,Gaming,A0012,Gadgets,Facebook,Image,12,11,0,25.02,Tuesday,Desktop,0.56,0.9166666666666666,0.0,30,750.6,0,0,1,0,2.083110513105442
U0463,23,F,Australia,Fashion,A0013,Luggage,Instagram,Video,11,11,0,8.8,Tuesday,Mobile,0.54,1.0,0.0,46,202.4,0,1,0,1,0.8199295417435124
U0464,29,M,Canada,Tech,A0014,Food & Beverage,Instagram,Carousel,8,4,0,15.27,Wednesday,Mobile,0.33,0.5,0.0,58,442.83,0,1,0,1,-0.0054714196116123276
U0465,27,M,Germany,Tech,A0015,Apparel,Facebook,Video,5,1,0,22.09,Tuesday,Mobile,0.2,0.2,0.0,27,596.43,0,1,1,0,-0.04403134440337652
U0466,27,M,India,Fashion,A0016,Sportswear,Instagram,Video,13,12,1,11.77,Saturday,Mobile,0.92,0.9230769230769231,0.08333333333333333,54,317.78999999999996,1,1,0,1,1.2411231023609715
U0467,39,M,UK,Tech,A0017,Sportswear,Instagram,Image,9,7,1,26.98,Wednesday,Desktop,0.89,0.7777777777777778,0.14285714285714285,78,1052.22,0,0,0,1,1.4761676296768567
U0468,18,M,Australia,Fashion,A0018,Gadgets,Instagram,Image,12,0,0,1.0,Saturday,Mobile,0.01,0.0,0.0,36,18.0,1,1,0,1,-1.8763740542858272
U0469,51,Other,UK,Gaming,A0019,Gadgets,Instagram,Video,3,0,0,3.72,Friday,Tablet,0.02,0.0,0.0,102,189.72,0,0,0,1,-1.6645459259193383
U0470,25,F,India,Food,A0020,Sportswear,Facebook,Video,15,1,0,7.32,Monday,Mobile,0.07,0.06666666666666667,0.0,25,183.0,0,1,1,0,-1.1942892326287586
U0471,58,F,Canada,Tech,A0021,Apparel,Instagram,Carousel,2,1,0,1.26,Monday,Tablet,0.26,0.5,0.0,116,73.08,0,0,0,1,-1.666229842151156
U0472,48,Other,Germany,Fashion,A0022,Sportswear,Facebook,Image,3,3,1,18.94,Sunday,Tablet,0.99,1.0,0.3333333333333333,48,909.1200000000001,1,0,1,0,0.09044486254794538
U0473,21,M,Canada,Food,A0023,Apparel,Facebook,Image,8,3,1,17.19,Saturday,Desktop,0.67,0.375,0.3333333333333333,21,360.99,1,0,1,0,-0.045841617099611785
U0474,46,Other,UK,Tech,A0024,Food & Beverage,Instagram,Video,12,2,1,2.15,Saturday,Desktop,0.49,0.16666666666666666,0.5,92,98.89999999999999,1,0,0,1,-1.407022497343365
U0475,53,F,Germany,Food,A0025,Gadgets,Facebook,Carousel,3,2,1,14.58,Sunday,Tablet,0.81,0.6666666666666666,0.5,53,772.74,1,0,1,0,-0.4389991019038593
U0476,53,M,USA,Travel,A0026,Apparel,Instagram,Video,14,4,0,14.17,Sunday,Tablet,0.21,0.2857142857142857,0.0,106,751.01,1,0,0,1,-0.09113720681864819
U0477,50,F,Australia,Fashion,A0027,Electronics,Instagram,Carousel,4,2,0,20.09,Friday,Desktop,0.35,0.5,0.0,100,1004.5,0,0,0,1,-0.009891385984979508
U0478,30,Other,Australia,Gaming,A0028,Luggage,Facebook,Carousel,5,2,1,10.34,Monday,Tablet,0.65,0.4,0.5,30,310.2,0,0,1,0,-0.7692017725927978
U0479,60,M,USA,Fashion,A0029,Apparel,Facebook,Image,2,1,1,1.92,Saturday,Desktop,0.66,0.5,1.0,60,115.19999999999999,1,0,1,0,-1.6148303698269346
U0480,60,F,Germany,Travel,A0030,Food & Beverage,Instagram,Image,6,1,0,3.06,Tuesday,Tablet,0.1,0.16666666666666666,0.0,120,183.6,0,0,0,1,-1.5260494630850974
U0481,49,M,India,Food,A0031,Electronics,Instagram,Carousel,12,6,0,24.03,Monday,Tablet,0.35,0.5,0.0,98,1177.47,0,0,0,1,1.056531628826798
U0482,35,Other,USA,Food,A0032,Electronics,Instagram,Image,4,4,1,22.03,Friday,Desktop,1.0,1.0,0.25,70,771.0500000000001,0,0,0,1,0.5209837817698084
U0483,30,M,Germany,Food,A0033,Apparel,Facebook,Carousel,12,8,1,4.06,Saturday,Tablet,0.75,0.6666666666666666,0.125,30,121.79999999999998,1,0,1,0,-0.1188999286058292
U0484,40,Other,India,Food,A0034,Food & Beverage,Instagram,Image,3,1,0,15.64,Saturday,Mobile,0.24,0.3333333333333333,0.0,80,625.6,1,1,0,1,-0.5463443693900869
U0485,52,Other,India,Fitness,A0035,Sportswear,Instagram,Video,7,6,0,10.38,Tuesday,Tablet,0.48,0.8571428571428571,0.0,104,539.76,0,0,0,1,-0.006502912424147348
U0486,52,M,India,Travel,A0036,Food & Beverage,Instagram,Video,8,7,0,1.01,Monday,Desktop,0.44,0.875,0.0,104,52.52,0,0,0,1,-0.546323728292891
U0487,56,M,Germany,Fashion,A0037,Sportswear,Facebook,Video,4,1,0,1.63,Sunday,Tablet,0.13,0.25,0.0,56,91.28,1,0,1,0,-1.6374149864542444
U0488,35,Other,Germany,Travel,A0038,Luggage,Facebook,Image,1,1,1,5.01,Wednesday,Tablet,0.93,1.0,1.0,35,175.35,0,0,1,0,-1.3741873857635338
U0489,33,M,Canada,Fitness,A0039,Electronics,Instagram,Carousel,15,6,0,21.98,Sunday,Desktop,0.3,0.4,0.0,66,725.34,1,0,0,1,0.8968817526682312
U0490,29,F,Australia,Food,A0040,Luggage,Facebook,Carousel,11,4,1,24.44,Thursday,Mobile,0.68,0.36363636363636365,0.25,29,708.76,0,1,1,0,0.708669733741587
U0491,21,F,Canada,Gaming,A0041,Gadgets,Facebook,Image,12,10,0,27.93,Saturday,Tablet,0.52,0.8333333333333334,0.0,21,586.53,1,0,1,0,2.1198395241037744
U0492,42,M,Canada,Travel,A0042,Electronics,Instagram,Carousel,10,2,1,21.24,Tuesday,Mobile,0.6,0.2,0.5,84,892.0799999999999,0,1,0,1,0.07966830064055792
U0493,43,F,Germany,Travel,A0043,Luggage,Facebook,Image,7,4,0,5.29,Wednesday,Mobile,0.31,0.5714285714285714,0.0,43,227.47,0,1,1,0,-0.7826937435445381
U0494,48,Other,Australia,Tech,A0044,Luggage,Instagram,Video,2,1,0,23.44,Tuesday,Mobile,0.35,0.5,0.0,96,1125.1200000000001,0,1,0,1,0.0611039398961677
U0495,48,Other,UK,Gaming,A0045,Gadgets,Facebook,Carousel,10,8,1,3.08,Sunday,Desktop,0.82,0.8,0.125,48,147.84,1,0,1,0,-0.1952203572084611
U0496,38,Other,Germany,Tech,A0046,Electronics,Instagram,Video,6,2,1,10.99,Saturday,Mobile,0.62,0.3333333333333333,0.5,76,417.62,1,1,0,1,-0.7185810801522765
U0497,37,M,Canada,Travel,A0047,Gadgets,Facebook,Video,1,0,0,1.0,Wednesday,Mobile,0.01,0.0,0.0,37,37.0,0,1,1,0,-1.8763740542858272
U0498,23,M,Australia,Tech,A0048,Apparel,Facebook,Video,1,1,0,4.23,Thursday,Desktop,0.52,1.0,0.0,23,97.29,0,0,1,0,-1.4349322166921592
U0499,19,F,UK,Food,A0049,Luggage,Facebook,Image,9,8,0,16.92,Friday,Tablet,0.53,0.8888888888888888,0.0,19,321.48,0,0,1,0,0.8826110018327906
U0500,27,Other,Australia,Food,A0050,Electronics,Instagram,Carousel,15,1,1,2.74,Tuesday,Tablet,0.45,0.06666666666666667,1.0,54,73.98,0,0,0,1,-1.5509704193635079
